revid,nameofrevolution,location,worldregion,startdatetxt,startdate,startyear,enddatetxt,enddate,endyear,yrsduration,monthsduration,daysduration,ongoing,startprior1900,fiveyrperiodstr,uncode,cowcode,cowmetrocode,unmetrocode,isoabb,indstate,colony,stateterr,foroccup,externalwar,electoralrev,politreform,urbmixrur,urbandum,leftist,antimonarch,democrat,independ,anticolonial,separatist,islamist,ethnicorder,eliterivalry,rightwing,anticommunist,othergoal,armed,civilwar,armednocivwar,urbanarmed,riots,landseizures,demonstrations,strikes,civilresistance,urbancivic,coupvolution,urbanleftist,ruralleftist,otherrural,otherurban,particnum,merchants,middleclass,intelligentsia,youth,peasants,gentry,workers,urbanpoor,business,clergy,soldiers,ethnicgroups,otherpart,totaldeaths,logdeaths,lndeaths,deathavgperyr,deathscat,ongoing,success,attainedpower,oldoverthrown,endproc,died
342,Philippine-American War,American-occupied Philippines,Asia,"June 2, 1899",6/2/1899,1899,"July 4, 1902",04/07/1902,1902,4,38,1128,0,1,,608,840,2,840,PHL,0,1,0,1,1,0,0,R,0,0,0,0,1,1,0,0,0,0,0,0,0,1,1,0,0,0,0,0,0,0,0,0,0,0,1,0,100000,0,0,1,1,1,1,0,0,0,0,0,1,1,226165,5.354425,12.32902,56541.2,6,0,0,,0,1,1
344,Dervish Rebellion,British-controlled Somalia,Sub-Saharan Africa,August 1899,8/1/1899,1899,"February 9, 1920",09/02/1920,1920,21,246,7483,0,1,,706,520,200,826,SOM,0,1,0,1,0,0,0,R,0,0,0,0,1,1,0,1,0,0,0,0,0,1,1,0,0,0,0,0,0,0,0,0,0,0,1,0,20000,0,0,0,0,1,1,0,0,0,1,0,1,1,100000,5,11.512925,4761.9,6,0,0,0,0,4,1
352,War of the Golden Stool,British-controlled Ghana,Sub-Saharan Africa,"March 28, 1900",28/03/1900,1900,"September 30, 1900",30/09/1900,1900,1,7,187,0,0,1900-04,288,452,200,826,GHA,0,1,0,1,0,0,0,R,0,0,0,0,1,1,0,0,0,0,0,0,0,1,1,0,0,0,0,0,0,0,0,0,0,0,1,0,12000,0,0,0,0,1,1,0,0,0,1,0,1,1,3000,3.477121,8.006368,3000,4,0,0,1,0,4,1
348,Huizhou Uprising,China,Asia,"October 8, 1900",08/10/1900,1900,"October 23, 1900",23/10/1900,1900,1,1,16,0,0,1900-04,156,710,,,CHN,1,0,0,0,0,0,0,R,0,0,1,0,0,0,0,0,0,0,0,0,0,1,0,1,0,0,0,0,0,0,0,0,0,0,1,0,20000,0,0,1,0,1,0,0,0,0,0,0,1,1,,,,,,0,0,0,0,1,1
253,Liberating Revolution,Venezuela,Latin America/Carribean,October 1901,01/10/1901,1901,"July 21, 1903",21/07/1903,1903,2,22,659,0,0,1900-04,862,101,,,VEN,1,0,0,1,0,0,0,R,0,0,0,0,0,0,0,0,0,1,1,0,1,1,1,0,0,0,0,0,0,0,0,0,0,0,1,0,20000,0,0,0,0,1,0,0,0,1,0,1,0,1,12000,4.079181,9.392662,6000,5,0,0,0,0,4,1
341,Moro Wars,American-occupied Philippines,Asia,November 1901,15/11/1901,1901,"June 15, 1913",15/06/1913,1913,12,140,4231,0,0,1900-04,608,840,2,840,PHL,0,1,0,1,1,0,0,R,0,0,0,0,1,1,0,1,0,0,0,0,0,1,1,0,0,0,0,0,0,0,0,0,0,0,1,0,5000,0,0,0,0,1,1,0,0,0,1,0,1,1,20218,4.305738,9.914329,1684.8,5,0,0,0,0,4,1
283,Ilinden Revolt,Ottoman Empire-controlled Macedonia,Europe,"July 20, 1903",20/07/1903,1903,"September 19, 1903",19/09/1903,1903,1,3,62,0,0,1900-04,807,343,640,792,MKD,0,1,0,0,0,0,0,RU,0,1,0,0,1,0,1,0,0,0,0,0,0,1,1,0,0,0,0,0,0,0,0,0,0,0,0,0,25000,0,0,1,1,1,0,0,0,0,0,0,1,1,4694,3.671543,8.45404,4694,4,0,0,0,0,4,1
2,Herero Rebellion,German-controlled Southwest Africa,Sub-Saharan Africa,"January 4, 1904",04/01/1904,1904,"March 31, 1907",31/03/1907,1907,4,39,1183,0,0,1900-04,516,565,255,276,NAM,0,1,0,0,0,0,0,R,0,0,0,0,1,1,0,0,0,0,0,0,0,1,1,0,0,0,0,0,0,0,0,0,0,0,1,0,10000,0,0,0,0,1,0,0,0,0,0,0,1,0,55000,4.740362,10.915088,13750,6,0,0,0,0,4,1
381,Sasun Uprising,Ottoman-controlled Armenia,Middle East/North Africa,"January 17, 1904",17/01/1904,1904,"May 14, 1904",14/05/1904,1904,1,4,119,0,0,1900-04,51,371,640,792,ARM,0,0,1,0,0,0,0,R,0,0,0,0,1,0,1,0,0,0,0,0,0,1,1,0,0,0,0,0,0,0,0,0,0,0,1,0,1000,0,0,1,1,1,0,0,0,0,1,0,1,1,5500,3.740363,8.612503,5500,4,0,0,0,0,4,1
305,Vaccine Revolt,Brazil,Latin America/Carribean,"November 5, 1904",05/11/1904,1904,"November 16, 1904",16/11/1904,1904,1,1,12,0,0,1900-04,76,140,,,BRA,1,0,0,0,0,0,0,U,1,0,0,0,0,0,0,0,0,1,1,0,1,1,0,1,1,1,0,0,0,0,0,0,0,0,0,1,,0,1,1,0,0,0,1,0,0,0,1,0,1,30,1.477121,3.401197,30,2,0,0,0,0,1,1
5,1905 Revolution in Russia,Russian Empire,Europe,"January 22, 1905",22/01/1905,1905,"January 17, 1906",17/01/1906,1906,1,12,361,0,0,1905-09,643,365,,,RUS,1,0,0,0,1,0,1,UR,1,0,1,0,0,0,0,0,0,0,0,0,0,1,0,1,1,1,1,1,1,0,0,0,0,0,0,0,2000000,0,0,1,1,1,0,1,0,0,0,0,1,0,19000,4.278753,9.852194,9500,5,0,0,1,0,1,1
337,Argentinian Revolution of 1905,Argentina,Latin America/Carribean,"February 4, 1905",04/02/1905,1905,"February 8, 1905",08/02/1905,1905,1,1,5,0,0,1905-09,32,160,,,ARG,1,0,0,0,0,0,0,U,1,0,0,1,0,0,0,0,0,0,0,0,0,1,0,1,1,0,0,0,0,0,0,0,0,0,0,1,,0,1,1,0,0,0,0,0,1,0,1,0,0,,,,,,0,0,0,0,1,1
3,Maji-Maji Rebellion,German colony of Tanganyika,Sub-Saharan Africa,"July 31, 1905",31/07/1905,1905,August 1907,30/08/1907,1907,3,26,761,0,0,1905-09,834,510,255,276,TZA,0,1,0,0,0,0,0,R,0,0,0,0,1,1,0,0,0,0,0,0,0,1,1,0,0,0,0,0,0,0,0,0,0,0,1,0,20000,0,0,0,0,1,0,0,0,0,1,0,1,0,143333,5.156346,11.872926,47777.7,6,0,0,0,0,4,1
4,Persian constitutional revolution,Persia,Middle East/North Africa,December 1905,01/12/1905,1905,"August 5, 1906",05/08/1906,1906,1,9,248,0,0,1905-09,364,630,,,IRN,1,0,0,0,0,0,0,U,1,0,1,0,0,0,0,0,0,0,0,0,0,0,0,0,0,0,0,0,1,0,0,0,0,0,0,1,20000,1,1,1,1,0,0,1,0,0,1,0,0,0,23,1.361728,3.135494,11.5,2,0,1,2,0,7,1
187,Cuban Liberal Revolution of 1906,Cuba,Latin America/Carribean,"July 28, 1906",28/07/1906,1906,"September 29, 1906",29/09/1906,1906,1,3,64,0,0,1905-09,192,40,,,CUB,1,0,0,0,0,1,0,UR,1,0,0,1,0,0,0,0,0,1,0,0,0,1,1,0,0,0,0,0,0,0,0,0,0,0,0,1,20000,0,0,0,0,1,0,0,0,0,0,0,1,1,100,2,4.60517,100,2,0,0,0,1,6,1
349,Ping-liu-li Uprising of 1906,China,Asia,"December 4, 1906",04/12/1906,1906,January 1907,15/01/1907,1907,1,2,43,0,0,1905-09,156,710,,,CHN,1,0,0,0,0,0,1,R,0,0,1,0,0,0,0,0,0,0,0,0,0,1,0,1,0,0,0,0,0,0,0,0,0,0,1,0,20000,0,0,1,1,1,0,1,0,0,0,0,0,1,10000,4,9.21034,10000,4,0,0,0,0,1,1
7,Hanoi Poison Plot and Related Revolts,French-controlled Vietnam,Asia,"March 9, 1908",12/03/1908,1908,"November 11, 1909",11/11/1909,1909,2,21,610,0,0,1905-09,704,816,220,250,VNM,0,1,0,1,0,0,0,R,0,0,0,0,1,1,0,0,0,0,0,0,0,1,0,1,0,1,0,1,0,0,0,0,0,0,1,0,30000,0,0,1,0,1,0,0,0,0,0,0,0,0,102,2.0086,4.624973,51,3,0,0,0,0,1,1
6,Young Turk Revolution,Ottoman Empire,Middle East/North Africa,"July 3, 1908",03/07/1908,1908,"July 24, 1908",24/07/1908,1908,1,1,22,0,0,1905-09,792,640,,,TUR,1,0,0,0,0,0,0,U,1,0,1,0,0,0,0,0,0,0,0,0,0,1,0,1,0,0,0,1,1,0,0,1,0,0,0,0,,0,1,1,1,0,0,0,0,0,0,1,0,0,5,0.69897,1.609438,5,1,0,1,2,0,7,1
358,Hauran Druze Rebellion,Ottoman-controlled Syria,Middle East/North Africa,May 1909,01/05/1909,1909,August 1910,31/08/1910,1910,2,17,488,0,0,1905-09,760,652,640,792,SYR,0,0,1,0,0,0,0,R,0,0,0,0,1,0,1,0,0,0,0,0,0,1,1,0,0,0,0,0,0,0,0,0,0,0,1,0,4500,0,0,0,0,1,1,0,0,0,0,1,1,1,2000,3.30103,7.600902,1000,4,0,0,0,0,4,1
306,Tragic Week in Catalonia,Spain,Europe,"July 25, 1909",25/07/1909,1909,"August 2, 1909",02/08/1909,1909,1,1,9,0,0,1905-09,724,230,,,ESP,1,0,0,0,1,0,0,U,1,1,0,0,0,0,0,0,0,0,0,0,0,0,0,0,1,1,0,1,1,0,0,0,1,0,0,0,30000,0,1,0,0,0,0,1,0,0,0,0,0,0,163,2.212188,5.09375,163,3,0,0,0,0,1,1
284,Albanian uprisings 1910-12,Ottoman-controlled Albania,Europe,March 1910,01/03/1910,1910,"September 4, 1912",04/09/1912,1912,3,31,919,0,0,1910-14,8,339,640,792,ALB,0,1,0,1,0,0,0,R,0,0,0,0,1,0,1,0,0,0,0,0,0,1,1,0,0,0,0,0,0,0,0,0,0,0,1,0,20000,0,0,1,0,1,1,0,0,0,0,0,1,1,5000,3.69897,8.517193,1666.7,4,0,0,1,0,6,1
307,1910 Portuguese Revolution,Portugal,Europe,"October 3, 1910",03/10/1910,1910,"October 5, 1910",10/10/1910,1910,1,1,8,0,0,1910-14,620,235,,,PRT,1,0,0,0,0,0,0,U,1,0,1,0,0,0,0,0,0,0,0,0,0,1,0,1,1,0,0,0,1,0,0,0,0,0,0,1,40000,0,1,1,0,0,0,1,1,0,0,1,0,0,37,1.568202,3.610918,37,2,0,1,3,0,9,1
9,Mexican Revolution and Civil War,Mexico,Latin America/Carribean,"November 20, 1910",20/11/1910,1910,"April 10, 1919",10/04/1919,1919,9,101,3064,0,0,1910-14,484,70,,,MEX,1,0,0,0,0,1,0,RU,0,1,1,1,0,0,0,0,0,1,0,0,0,1,1,0,0,0,1,1,1,0,0,0,0,1,0,0,90000,0,1,0,1,1,0,0,0,0,0,1,0,1,1000000,6,13.815511,125000,6,0,1,3,0,5,1
10,Xinhai Revolution,China,Asia,"October 10, 1911",10/10/1911,1911,"February 12, 1912",12/02/1912,1912,1,5,126,0,0,1910-14,156,710,,,CHN,1,0,0,0,1,0,1,RU,0,0,1,0,0,0,0,0,0,0,0,0,0,1,0,1,0,0,0,0,0,0,0,1,0,0,0,0,100000,0,0,1,1,0,1,0,0,0,0,1,1,0,50000,4.69897,10.819778,25000,5,0,1,3,0,2,1
11,Red Week,Italy,Europe,"June 7, 1914",07/06/1914,1914,"June 14, 1914",14/06/1914,1914,1,1,8,0,0,1910-14,380,325,,,ITA,1,0,0,0,0,0,1,U,1,1,0,0,0,0,0,0,0,0,0,0,0,0,0,0,1,1,0,1,1,0,0,0,1,0,0,0,,0,0,0,0,0,0,1,0,0,0,0,0,0,16,1.20412,2.772589,16,2,0,0,0,0,1,1
12,Maritz Rebellion,South Africa,Sub-Saharan Africa,"September 15, 1914",15/09/1914,1914,"February 4, 1915",04/02/1915,1915,1,5,143,0,0,1910-14,710,560,,,ZAF,0,1,0,0,1,0,0,R,0,0,0,0,1,0,0,0,0,0,0,0,1,1,0,1,0,0,0,0,0,0,0,1,0,0,0,0,13000,0,0,0,0,0,0,0,0,0,0,1,1,1,300,2.477121,5.703782,150,3,0,0,0,0,4,1
285,Jangal Rebellion,Iran,Middle East/North Africa,August 1915,01/08/1915,1915,September 1921,30/09/1921,1921,7,75,2253,0,0,1915-19,364,630,,,IRN,1,0,0,1,1,0,0,R,0,1,1,0,1,0,1,0,0,0,0,0,0,1,1,0,0,0,1,0,0,0,0,0,0,1,0,0,8000,1,1,1,0,1,0,0,0,0,0,0,0,0,,,,,,0,0,0,0,4,1
346,Volta-Bani War,French-controlled Burkina-Faso,Sub-Saharan Africa,November 1915,15/11/1915,1915,February 1917,15/02/1917,1917,2,16,459,0,0,1915-19,854,439,220,250,BFA,0,1,0,1,1,0,0,R,0,0,0,0,1,1,0,0,0,0,0,0,0,1,1,0,0,0,0,0,0,0,0,0,0,0,1,0,20000,0,0,0,0,1,0,0,0,0,0,0,1,1,30000,4.477121,10.308953,15000,5,0,0,0,0,4,1
377,Easter Uprising,British-controlled Ireland,Europe,"April 24, 1916",24/04/1916,1916,"April 29, 1916",29/04/1916,1916,1,1,6,0,0,1915-19,372,205,200,826,IRL,0,0,1,0,1,0,1,U,1,0,0,0,1,0,1,0,0,0,0,0,0,1,0,1,1,0,0,0,0,0,0,0,0,0,0,1,1760,0,0,1,1,0,0,1,0,0,0,0,1,1,482,2.683047,6.177944,482,3,0,0,0,0,1,1
14,Arab Revolt of 1916-1918,Ottoman-controlled Arab lands,Middle East/North Africa,May 1916,01/05/1916,1916,"October 1, 1918",01/10/1918,1918,3,30,884,0,0,1915-19,682,670,640,792,SAU,0,1,0,0,1,0,0,R,0,0,0,0,1,1,0,0,0,0,0,0,0,1,1,0,0,0,0,0,0,0,0,0,0,0,1,0,30000,0,0,0,0,0,0,0,0,0,0,0,1,1,15000,4.176091,9.615805,5000,5,0,1,3,0,5,1
350,Borgawa Revolt in Dahomey,French-controlled Dahomey,Sub-Saharan Africa,"September 21, 1916",21/09/1916,1916,"December 29, 1916",29/12/1916,1916,1,4,100,0,0,1915-19,204,434,220,250,BEN,0,1,0,1,1,0,0,R,0,0,0,0,1,1,0,0,0,0,0,0,0,1,0,1,0,0,0,0,0,0,0,0,0,0,1,0,20000,0,0,0,0,1,1,0,0,0,0,0,1,1,,,,,,0,0,0,0,1,1
382,Kaocen Rebellion,French-controlled Niger,Sub-Saharan Africa,"December 17, 1916",17/12/1916,1916,"April 30, 1920",30/04/1920,1920,4,41,1231,0,0,1915-19,552,436,220,250,NER,0,1,0,1,1,0,0,R,0,0,0,0,1,1,0,1,0,0,0,0,0,1,1,0,0,0,0,0,0,0,0,0,0,0,1,0,1500,0,0,0,0,0,1,0,0,0,1,0,1,1,1253,3.097951,7.133296,1253,4,0,0,0,0,4,1
224,Chambelona Revolt,Cuba,Latin America/Carribean,"February 11, 1917",11/02/1917,1917,"May 20, 1917",20/05/1917,1917,1,4,99,0,0,1915-19,192,40,,,CUB,1,0,0,0,1,1,0,R,0,0,0,1,0,0,0,0,0,1,0,0,0,1,1,0,0,0,0,0,0,0,0,1,0,0,0,0,10000,0,0,0,0,1,0,0,0,0,0,0,0,1,500,2.69897,6.214608,500,3,0,0,0,0,4,1
16,February Revolution in Russia,Russian Empire,Europe,"March 8, 1917",08/03/1917,1917,"March 16, 1917",16/03/1917,1917,1,1,9,0,0,1915-19,643,365,,,RUS,1,0,0,0,1,0,0,U,1,0,1,0,0,0,0,0,0,0,0,0,0,1,0,1,1,1,0,1,1,0,0,0,0,0,0,1,300000,0,1,1,0,0,0,1,0,0,0,0,0,0,1500,3.176091,7.31322,1500,4,0,1,3,0,2,1
353,Barue Rebellion,Portuguese-controlled Mozambique,Sub-Saharan Africa,"March 17, 1917",17/03/1917,1917,October 1918,15/10/1918,1918,2,19,578,0,0,1915-19,508,541,235,620,MOZ,0,1,0,1,1,0,0,R,0,0,0,0,1,1,0,0,0,0,0,0,0,1,1,0,0,0,0,0,0,0,0,0,0,0,1,0,15000,0,0,0,0,1,1,0,0,0,1,0,1,1,,,,,,0,0,0,0,4,1
17,October Revolution and Civil War (Russia),Russian Empire,Europe,"April 3, 1917",03/04/1917,1917,"November 15, 1920",15/11/1920,1920,4,44,1323,0,0,1915-19,643,365,,,RUS,1,0,0,0,1,0,0,UR,1,1,0,0,0,0,0,0,0,0,0,0,0,1,1,0,1,0,1,1,1,0,0,0,1,0,0,0,3000000,0,0,1,1,1,0,1,0,0,0,1,0,0,3000000,6.477121,14.91412,250000,6,0,1,3,0,5,1
251,Basmachi Revolt,Russian-controlled Central Asia,Asia,"December 9, 1917",09/12/1917,1917,Spring 1926,30/04/1926,1926,9,101,3065,0,0,1915-19,860,704,365,643,UZB,0,1,0,0,1,0,0,R,0,0,0,0,1,1,0,1,0,0,0,1,0,1,1,0,0,0,0,0,0,0,0,0,0,0,1,0,30000,0,0,1,0,1,0,0,0,0,1,0,1,1,300000,5.477121,12.611538,33333.3,6,0,0,0,0,4,1
20,Finnish civil war,Finland,Europe,"January 27, 1918",27/01/1918,1918,"May 15, 1918",15/05/1918,1918,1,4,109,0,0,1915-19,246,375,,,FIN,1,0,0,0,1,0,0,U,1,1,0,0,0,0,0,0,0,0,0,0,0,1,1,0,0,0,0,0,0,0,0,0,1,0,0,0,140000,0,0,0,0,0,0,1,0,0,0,0,0,1,28213,4.450449,10.247538,28213,5,0,0,0,0,4,1
351,Egba Revolt in Nigeria,British-controlled Nigeria,Sub-Saharan Africa,"June 12, 1918",12/06/1918,1918,"July 22, 1918",22/07/1918,1918,1,2,41,0,0,1915-19,566,475,200,826,NGA,0,1,0,1,1,0,0,R,0,0,0,0,1,1,0,0,0,0,0,0,0,1,0,1,0,0,0,0,0,0,0,0,0,0,1,0,30000,0,0,0,0,1,1,0,0,0,0,0,1,1,2200,3.342423,7.696213,2200,4,0,0,0,0,1,1
18,Austrian Revolution of 1918,Austria,Europe,"October 21, 1918",21/10/1918,1918,"November 12, 1918",12/11/1918,1918,1,1,23,0,0,1915-19,40,305,,,AUT,1,0,0,0,1,0,0,U,1,0,1,0,0,0,0,0,0,0,0,0,0,1,0,1,1,1,0,1,1,0,0,0,0,0,0,1,,0,0,1,0,0,0,1,0,0,0,1,0,0,10,1,2.302585,10,1,0,1,3,0,2,1
19,Aster Revolution,Hungary,Europe,"October 25, 1918",25/10/1918,1918,"November 16, 1918",16/11/1918,1918,1,1,23,0,0,1915-19,348,310,,,HUN,1,0,0,0,1,0,0,U,1,0,1,0,0,0,0,0,0,0,0,0,0,1,0,1,1,1,0,1,0,0,0,0,0,0,0,1,,0,1,0,0,0,1,0,0,0,0,1,1,0,1,0,0,1,1,0,1,3,0,8,1
21,German Revolution,Germany,Europe,"October 29, 1918",29/10/1918,1918,"November 9, 1918",09/11/1918,1918,1,1,12,0,0,1915-19,276,255,,,DEU,1,0,0,0,1,0,0,U,1,0,1,0,0,0,0,0,0,0,0,0,0,1,0,1,0,0,0,1,1,0,0,1,0,0,0,0,200000,0,0,0,0,0,0,1,0,0,0,1,0,0,6,0.778151,1.791759,6,1,0,1,3,0,2,1
339,War of the Insane,French Indochina,Asia,"October 30, 1918",30/10/1918,1918,"November 17, 1921",17/11/1921,1921,4,37,1115,0,0,1915-19,418,812,220,250,LAO,0,1,0,1,1,0,0,R,0,0,0,0,1,1,0,0,0,0,0,0,0,1,1,0,0,0,0,0,0,0,0,0,0,0,1,0,,0,0,0,0,1,0,0,0,0,0,0,1,1,,,,,,0,0,0,0,4,1
22,Haitian Revolt of 1918,American-occupied Haiti,Latin America/Carribean,December 1918,01/12/1918,1918,November 1920,30/11/1920,1920,3,25,731,0,0,1915-19,332,41,2,840,HTI,0,0,1,1,0,0,0,R,0,0,0,0,1,0,1,0,0,0,0,0,0,1,1,0,0,0,0,0,0,0,0,0,0,0,1,0,30000,0,0,0,0,1,0,0,0,0,0,0,1,0,2592,3.413635,7.860185,1296,4,0,0,0,0,4,1
25,Sparticist Uprising and related revolts,Germany,Europe,"December  23, 1918",23/12/1918,1918,"May 3, 1919",03/05/1919,1919,1,5,132,0,0,1915-19,276,255,,,DEU,1,0,0,0,1,0,0,U,1,1,0,0,0,0,0,0,0,0,0,0,0,1,0,1,1,0,0,1,1,0,0,0,1,0,0,0,200000,0,0,1,0,0,0,1,0,0,0,1,0,0,2700,3.431525,7.901377,2700,4,0,0,0,0,1,1
309,Greater Polish Uprising and related revolts,German-controlled Poland,Europe,"December 27, 1918",27/12/1918,1918,"March 18, 1921",18/03/1921,1921,3,27,813,0,0,1915-19,616,290,255,276,POL,0,1,0,1,1,0,0,RU,0,0,0,0,1,0,1,0,0,0,0,0,0,1,1,0,0,0,0,0,0,0,0,0,0,0,0,0,30000,0,0,0,0,0,0,0,0,0,0,1,1,1,108000,5.033424,11.589887,36000,6,0,1,3,0,5,1
26,Hungarian Revolution of 1919,Hungary,Europe,January 1919,01/01/1919,1919,"March 21, 1919",21/03/1919,1919,1,3,80,0,0,1915-19,348,310,,,HUN,1,0,0,0,1,0,0,UR,1,1,0,0,0,0,0,0,0,0,0,0,0,1,0,1,1,0,1,1,1,0,0,0,1,0,0,0,40000,0,0,0,1,1,0,1,1,0,0,1,0,0,600,2.778874,6.398595,600,3,0,1,2,0,2,1
383,Christmas Uprising,Yugoslav-controlled Montenegro,Europe,"January 7, 1919",07/01/1919,1919,1922,30/06/1922,1922,4,42,1271,0,0,1915-19,499,341,345,890,MNE,0,0,1,1,1,0,0,R,0,0,0,0,1,0,1,0,0,0,0,0,1,1,1,0,0,0,0,0,0,0,0,0,0,0,1,0,4000,0,0,0,0,1,1,0,0,0,0,0,1,1,3000,3.477121,8.006368,750,4,0,0,0,0,4,1
15,Irish War of Independence,British-controlled Ireland,Europe,"January 21, 1919",21/01/1919,1919,June 1922,01/06/1922,1922,4,41,1228,0,0,1915-19,372,205,200,826,IRL,0,1,0,0,1,0,1,UR,1,0,0,0,1,0,1,0,0,0,0,0,0,1,1,0,0,0,0,0,1,0,0,0,0,0,0,1,15000,0,1,1,1,1,0,1,0,0,0,0,1,1,1814,3.258637,7.50329,453.5,4,0,1,2,0,8,0
24,Rif Rebellion,French- and Spanish-controlled Morocco,Middle East/North Africa,February 1919,01/02/1919,1919,"May 26, 1926",26/05/1926,1926,8,88,2672,0,0,1915-19,504,600,220,250,MAR,0,1,0,1,1,0,0,R,0,0,0,0,1,1,0,0,0,0,0,0,0,1,1,0,0,0,0,0,0,0,0,0,0,0,1,0,100000,0,0,0,0,0,0,0,0,0,0,0,1,1,90000,4.954243,11.407565,11250,6,0,0,0,0,4,1
23,Samil Independence Movement,Japanese-controlled Korea,Asia,"March 1, 1919",01/03/1919,1919,March 1920,30/03/1920,1920,2,14,396,0,0,1915-19,,730,740,392,,0,1,0,1,1,0,0,U,1,0,0,0,1,1,0,0,0,0,0,0,0,0,0,0,0,1,0,1,0,1,0,0,0,0,0,1,2000000,0,1,1,1,1,0,0,0,0,1,0,1,0,7517,3.876102,8.925056,3758.5,4,0,0,0,0,1,1
27,Egyptian Revolution of 1919,British-controlled Egypt,Middle East/North Africa,"March 8, 1919",08/03/1919,1919,"February 28, 1922",28/02/1922,1922,3,36,1089,0,0,1915-19,818,651,200,826,EGY,0,1,0,0,1,0,0,UR,1,0,1,0,1,1,0,0,0,0,0,0,0,1,0,1,0,1,0,1,1,1,0,0,0,0,0,1,1000000,1,1,1,1,1,0,1,0,0,1,0,0,0,2330,3.367356,7.753624,582.5,4,0,1,2,0,7,1
311,Mahmud Barzanji Revolt,British-controlled Iraqi Kurdistan,Middle East/North Africa,May 1919,15/05/1919,1919,July 1924,15/07/1924,1924,6,63,1889,0,0,1915-19,,6451,200,826,,0,1,0,1,1,0,0,R,0,0,0,0,1,1,0,0,0,0,0,0,0,1,1,0,0,0,0,0,0,0,0,0,0,0,1,0,5000,0,0,0,0,1,1,0,0,0,1,0,1,1,,,,,,0,0,0,0,1,1
263,1920 Guatemalan Revolution,Guatemala,Latin America/Carribean,"March 10, 1920",10/03/1920,1920,"April 15, 1920",15/04/1920,1920,1,2,37,0,0,1920-24,320,90,,,GTM,1,0,0,0,0,0,0,U,1,0,0,1,0,0,0,0,0,1,1,0,1,1,0,1,1,0,0,1,0,0,0,0,0,0,0,1,10000,0,1,0,1,0,1,1,0,1,1,1,0,0,14,1.146128,2.639057,14,2,0,1,2,0,7,1
274,Ruhr Uprising,Germany,Europe,"March 13, 1920",13/03/1920,1920,"April 12, 1920",12/04/1920,1920,1,2,31,0,0,1920-24,276,255,,,DEU,1,0,0,0,1,0,0,U,1,1,0,0,0,0,0,0,0,0,0,0,1,1,0,1,1,0,0,0,1,0,0,0,1,0,0,0,300000,0,0,0,0,0,0,1,0,0,0,0,0,1,1500,3.176091,7.31322,1500,4,0,0,0,0,1,1
29,Easter Crisis,Denmark,Asia,"March 29, 1920",29/03/1920,1920,"March 30, 1920",30/03/1920,1920,1,1,2,0,0,1920-24,208,390,,,DNK,1,0,0,0,1,0,0,U,1,0,1,0,0,0,0,0,0,0,0,0,0,0,0,0,0,0,0,1,1,0,1,0,0,0,0,0,100000,0,0,0,0,0,0,1,0,0,0,0,0,0,0,0,0,0,1,0,0,1,0,7,0
28,Arab Insurrection in Iraq,British-controlled Iraq,Middle East/North Africa,May 1920,01/05/1920,1920,October 1920,31/10/1920,1920,1,7,184,0,0,1920-24,368,645,200,826,IRQ,0,1,0,1,1,0,0,UR,1,0,0,0,1,1,0,0,0,0,0,0,0,1,1,0,1,0,0,1,1,0,0,0,0,0,1,1,75000,1,1,1,1,1,1,0,0,0,1,0,1,1,7475,3.873611,8.919319,7475,4,0,0,1,0,1,1
310,Indian Non-Cooperation Movement,British-controlled India,Asia,"August 1, 1920",01/08/1920,1920,"February 5, 1922",05/02/1922,1922,2,19,554,0,0,1920-24,356,750,200,826,IND,0,1,0,1,1,0,0,U,1,0,0,0,1,1,0,0,0,0,0,0,0,0,0,0,0,1,0,1,1,1,0,0,0,0,0,1,300000,1,1,1,1,1,0,1,0,0,0,0,0,0,25,1.39794,3.218876,12.5,2,0,0,0,0,1,1
255,Tambov Rebellion,Soviet Russia,Europe,"August 19, 1920",19/08/1920,1920,"June 30, 1921",30/06/1921,1921,1,11,316,0,0,1920-24,643,365,,,RUS,1,0,0,0,1,0,0,R,0,0,0,1,0,0,0,0,0,0,0,1,1,1,1,0,0,0,1,0,0,0,0,0,0,0,1,0,50000,0,0,1,0,1,0,0,0,0,0,1,0,0,240000,5.380211,12.388394,240000,6,0,0,0,0,4,1
286,Kocgiri Rebellion,Turkish-controlled Kurdistan,Middle East/North Africa,December 1920,01/12/1920,1920,"June 17, 1921",17/06/1921,1921,1,7,199,0,0,1920-24,,6405,640,792,,0,0,1,1,1,0,0,R,0,0,0,0,1,0,1,0,0,0,0,0,0,1,1,0,0,0,0,0,0,0,0,0,0,0,1,0,15000,0,0,1,0,1,1,0,0,0,0,0,1,1,595,2.774517,6.388561,595,3,0,0,0,0,1,0
270,Kronstadt Rebellion,Soviet Russia,Europe,February 26. 1921,26/02/1921,1921,"March 17, 1921",21/03/1921,1921,1,1,24,0,0,1920-24,643,365,,,RUS,1,0,0,0,1,0,0,U,1,0,0,1,0,0,0,0,0,0,0,1,1,1,0,1,0,0,0,1,1,0,0,0,0,0,0,1,16000,0,0,0,0,0,0,1,0,0,0,1,0,0,5000,3.69897,8.517193,5000,4,0,0,0,0,1,1
30,March Action,Germany,Europe,"March 18, 1921",18/03/1921,1921,"March 31, 1921",31/03/1921,1921,1,1,14,0,0,1920-24,276,255,,,DEU,1,0,0,0,1,0,0,U,1,1,0,0,0,0,0,0,0,0,0,0,0,1,0,1,1,0,0,0,1,0,0,0,1,0,0,0,200000,0,0,0,1,0,0,1,0,0,0,0,0,0,172,2.235528,5.147494,172,3,0,0,0,0,1,1
31,Rand Revolt,South Africa,Sub-Saharan Africa,"January 9, 1922",09/01/1922,1922,"March 18, 1922",18/03/1922,1922,1,3,69,0,0,1920-24,710,560,,,ZAF,1,0,0,0,0,0,0,U,1,1,0,0,0,0,0,0,0,0,1,0,1,1,0,1,1,1,0,0,1,0,0,0,1,0,0,0,20000,0,0,0,1,0,0,1,0,0,0,0,1,1,176,2.245513,5.170484,176,3,0,0,0,0,1,1
384,Bajram Currie Revolt,Albania,Europe,"March 8, 1922",08/03/1922,1922,"March 11, 1922",11/03/1922,1922,1,1,4,0,0,1920-24,8,339,,,ALB,1,0,0,0,0,0,0,R,0,0,0,0,0,0,0,0,1,1,0,0,0,1,0,1,0,0,0,0,0,0,0,0,0,0,1,0,1500,0,0,0,0,1,1,0,0,0,0,0,1,1,70,1.845098,4.248495,70,2,0,0,0,0,1,1
254,Senussi Rebellion,Italian-controlled Libya,Middle East/North Africa,"May 22, 1922",22/05/1922,1922,"January 24, 1932",24/01/1932,1932,10,117,3535,0,0,1920-24,434,620,325,380,LBY,0,1,0,1,0,0,0,R,0,0,0,0,1,1,0,0,0,0,0,0,0,1,1,0,0,0,0,0,0,0,0,0,0,0,1,0,100000,0,0,0,0,1,1,0,0,0,0,0,1,1,80000,4.90309,11.289782,8000,6,0,0,0,0,4,1
312,Irish Civil War,Ireland,Europe,"June 28, 1922",28/06/1922,1922,"May 24, 1923",24/05/1923,1923,1,11,331,0,0,1920-24,372,205,,,IRL,1,0,0,0,0,1,0,RU,0,0,0,0,0,0,0,0,0,1,0,0,1,1,1,0,0,0,0,0,0,0,0,0,0,0,0,0,15000,0,0,1,0,1,0,0,0,0,0,1,0,0,4059,3.608419,8.308692,4059,4,0,0,0,0,4,0
32,March on Rome,Italy,Europe,"October 24, 1922",24/10/1922,1922,"October 29, 1922",29/10/1922,1922,1,1,6,0,0,1920-24,380,325,,,ITA,1,0,0,0,1,0,0,U,1,0,0,0,0,0,0,0,0,0,1,0,1,1,0,1,1,1,0,1,0,0,0,0,0,0,0,1,60000,0,1,0,1,1,1,0,0,1,0,0,0,1,3,0.477121,1.098612,3,1,0,1,2,0,7,1
33,September Uprising,Bulgaria,Europe,"September 14, 1923",14/09/1923,1923,"September 29, 1923",29/09/1923,1923,1,1,16,0,0,1920-24,100,355,,,BGR,1,0,0,0,0,0,0,R,0,1,0,0,0,0,0,0,0,0,0,0,0,1,0,1,0,0,0,0,0,0,0,0,0,1,0,0,20000,0,0,1,0,1,0,1,0,0,0,0,0,0,3500,3.544068,8.160518,3500,4,0,0,0,0,1,1
385,Beer Hall Putsch,Germany,Europe,"November 8, 1923",08/11/1923,1923,"November 9, 1923",09/11/1923,1923,1,1,2,0,0,1920-24,276,255,,,DEU,1,0,0,0,0,0,0,U,1,0,0,0,0,0,0,0,0,0,1,0,0,1,0,1,1,0,0,0,0,0,0,0,0,0,0,1,2000,0,0,0,1,0,0,0,0,0,0,1,0,1,20,1.30103,2.995732,20,2,0,0,0,0,1,1
264,De la Huerta Rebellion,Mexico,Latin America/Carribean,"December 7, 1923",07/12/1923,1923,"March 7, 1924",07/03/1924,1924,1,4,92,0,0,1920-24,484,70,,,MEX,1,0,0,0,0,0,0,RU,0,0,0,0,0,0,0,0,0,1,0,0,1,1,1,0,0,0,0,0,0,0,0,1,0,0,0,0,47000,0,0,1,0,0,1,0,0,0,0,1,0,1,7000,3.845098,8.853665,7000,4,0,0,0,0,4,1
35,Albanian Uprising of 1924,Albania,Europe,"June 10, 1924",10/06/1924,1924,"June 16, 1924",16/06/1924,1924,1,1,7,0,0,1920-24,8,339,,,ALB,1,0,0,0,0,1,0,RU,0,0,0,1,0,0,0,0,1,0,0,0,0,1,0,1,0,0,0,1,0,0,0,1,0,0,0,0,12000,1,0,1,0,1,0,0,0,0,1,1,1,1,200,2.303196,5.303305,200,3,0,1,3,0,9,1
313,August 1924 Uprising in Georgia,Soviet-controlled Georgia,Europe,"August 28, 1924",28/08/1924,1924,"September 5, 1924",05/09/1924,1924,1,1,9,0,0,1920-24,268,372,365,643,GEO,0,0,1,1,0,0,0,R,0,0,0,0,1,0,1,0,0,0,0,1,0,1,0,1,0,0,0,0,0,0,0,0,0,0,1,0,15000,0,0,1,0,1,0,1,0,0,0,0,1,1,15500,4.190332,9.648595,15500,5,0,0,0,0,1,1
34,Sheikh Said Rebellion,Turkish-controlled Kurdistan,Middle East/North Africa,"February 8, 1925",08/02/1925,1925,"April 15, 1925",15/04/1925,1925,1,3,67,0,0,1925-29,,6401,640,792,,0,0,1,0,0,0,0,R,0,0,0,0,1,0,1,0,0,0,0,0,0,1,1,0,0,0,0,0,0,0,0,0,0,0,1,0,15000,0,0,0,0,1,0,0,0,0,1,0,1,1,145000,5.161368,11.884489,145000,6,0,0,0,0,4,0
36,Druse Rebellion,French-controlled Syria and Lebanon,Middle East/North Africa,"July 18, 1925",18/07/1925,1925,June 1927,30/06/1927,1927,2,24,713,0,0,1925-29,760,652,220,250,SYR,0,1,0,1,0,0,0,UR,1,0,0,0,1,1,0,0,0,0,0,0,0,1,1,0,1,0,0,0,0,0,0,0,0,0,1,1,40000,0,0,1,0,1,1,0,0,0,0,0,1,1,6250,3.79588,8.740337,3125,4,0,0,0,0,4,1
378,Nicaraguan Civil War of 1926,Nicaragua,Latin America/Carribean,"May 2, 1926",02/05/1926,1926,"May 20, 1927",20/05/1927,1927,2,13,384,0,0,1925-29,558,93,,,NIC,1,0,0,0,0,0,0,R,0,0,0,0,0,0,0,0,0,1,0,0,1,1,1,0,0,0,0,0,0,0,0,0,0,0,1,0,2000,0,0,1,0,1,1,1,0,0,0,1,0,0,,,,,,0,0,2,0,6,1
250,1926 Indonesian Communist Revolt,Dutch-controlled Indonesia,Asia,"November 12, 1926",12/11/1926,1926,"January 12, 1927",12/01/1927,1927,1,3,62,0,0,1925-29,360,850,210,528,IDN,0,1,0,1,0,0,0,UR,1,1,0,0,1,1,0,0,0,0,0,0,0,1,0,1,1,0,0,0,0,0,0,0,1,1,0,0,13000,0,1,1,0,1,0,1,0,0,0,0,0,0,,,,,,0,0,0,0,1,1
37,Cristero Rebellion,Mexico,Latin America/Carribean,"January 1, 1927",01/01/1927,1927,"June 21, 1929",21/06/1929,1929,3,30,903,0,0,1925-29,484,70,,,MEX,1,0,0,0,0,0,0,R,0,0,0,0,0,0,0,0,0,0,0,0,1,1,1,0,0,0,0,0,0,0,0,0,0,0,1,0,50000,0,0,0,1,1,1,0,0,0,1,0,0,1,61500,4.788875,11.026792,20500,6,0,0,1,0,7,1
38,Chinese Revolution and Civil War Part 1,China,Asia,"April 12, 1927",12/04/1927,1927,"December 12, 1936",12/12/1936,1936,10,117,3533,0,0,1925-29,156,710,,,CHN,1,0,0,0,0,0,0,RU,1,1,0,0,0,0,0,0,0,0,0,0,0,1,1,0,1,0,1,0,0,0,0,0,1,1,0,0,400000,0,0,1,1,1,0,1,0,0,0,0,0,0,2000000,6.30103,14.508658,200000,6,0,0,1,0,10,1
407,Sandino Rebellion,Nicaragua,Latin America/Carribean,"July 27, 1927",27/07/1927,1927,"March 18, 1934",18/03/1934,1934,7,80,2427,0,0,1925-29,558,93,,,NIC,1,0,0,1,0,0,0,R,0,1,0,0,0,0,1,0,1,1,0,0,0,1,1,0,0,0,0,0,0,0,0,0,0,1,0,0,1000,0,0,1,0,1,0,1,0,0,0,0,0,0,1326,3.122543,7.189922,221,4,0,0,0,0,4,1
287,Agri Rebellion,Turkish-controlled Kurdistan,Middle East/North Africa,"October 28, 1927",28/10/1927,1927,"September 17, 1930",17/09/1930,1930,3,35,1056,0,0,1925-29,,6401,640,792,,0,0,1,0,0,0,0,R,0,0,0,0,1,0,1,0,0,0,0,0,0,1,1,0,0,0,0,0,0,0,0,0,0,0,1,0,8000,0,0,1,0,1,0,0,0,0,0,1,1,1,25750,4.410777,10.15619,8583.3,5,0,0,0,0,1,0
386,1928 Kampang Buluh Uprising,British-controlled Malaysia,Asia,"May 21, 1928",21/05/1928,1928,May 1928,31/05/1928,1928,1,1,11,0,0,1925-29,458,820,200,826,MYS,0,1,0,1,0,0,0,R,0,0,0,0,1,1,0,1,0,0,0,0,0,1,0,1,0,0,0,0,0,0,0,0,0,0,1,0,1000,0,0,0,0,1,0,0,0,0,1,0,0,0,1000,3,6.907755,1000,3,0,0,0,0,1,1
314,Kongo-Wara Rebellion,French-controlled Cameroun and Equitorial Africa,Sub-Saharan Africa,"June 1, 1928",01/06/1928,1928,"December 31, 1931",31/12/1931,1931,4,44,1309,0,0,1925-29,140,482,220,250,CAF,0,1,0,1,0,0,0,R,0,0,0,0,1,1,0,0,0,0,0,0,0,1,1,0,0,0,0,0,0,0,0,0,0,0,1,0,350000,0,0,0,0,1,0,1,0,0,1,0,1,1,55000,4.740362,10.915088,13750,6,0,0,0,0,1,1
223,Afghan Civil War 1928-29,Afghanistan,Asia,November 1928,01/11/1928,1928,March 1929,31/03/1929,1929,1,5,151,0,0,1925-29,4,700,,,AFG,1,0,0,0,0,0,0,R,0,0,0,0,0,0,0,1,0,1,0,0,1,1,1,0,0,0,0,0,0,0,0,0,0,0,1,0,10000,0,0,0,0,1,0,0,0,0,1,0,1,1,2000,3.30103,7.600902,2000,4,0,1,3,0,5,1
256,Salt March and Associated Campaigns,British-controlled India,Asia,"January 26, 1930",26/01/1930,1930,January 1931,31/01/1931,1931,2,13,371,0,0,1930-34,356,750,200,826,IND,0,1,0,1,0,0,0,U,1,0,0,0,1,1,0,0,0,0,0,0,0,0,0,0,0,1,0,1,0,1,0,0,0,0,0,1,2000000,0,1,1,1,1,0,1,1,0,0,0,0,0,250,2.39794,5.521461,125,3,0,0,1,0,1,1
40,Vietnamese Uprisings (Yen Bai),French-controlled Vietnam,Asia,"February 9, 1930",09/02/1930,1930,July 1931,31/07/1931,1931,2,18,538,0,0,1930-34,704,816,220,250,VNM,0,1,0,1,0,0,0,R,0,1,0,0,1,1,0,0,0,0,0,0,0,1,1,0,0,0,1,0,0,0,0,1,0,1,0,0,,0,0,1,1,1,0,0,0,0,0,1,0,0,11000,4.041432,9.305741,5500,5,0,0,0,0,1,1
41,Saya San Rebellion,British-controlled Burma,Asia,"December 22, 1930",22/12/1930,1930,February 1932,29/02/1932,1932,2,15,435,0,0,1930-34,104,775,200,826,MMR,0,1,0,1,0,0,1,R,0,0,0,0,1,1,0,0,0,0,0,0,0,1,1,0,0,0,0,0,0,0,0,0,0,0,1,0,12000,0,0,1,0,1,0,0,0,0,1,0,1,1,6500,3.812913,8.779557,3250,4,0,0,0,0,1,1
219,Kumul Rebellion and associated uprisings,Chinese-controlled Xinjiang,Asia,"February 20, 1931",20/02/1931,1931,February1934,28/02/1934,1934,4,37,1105,0,0,1930-34,,7114,710,156,,0,0,1,0,0,0,0,R,0,0,0,0,1,0,1,1,0,0,0,0,0,1,1,0,0,0,0,0,0,0,0,0,0,0,1,0,20000,0,0,0,0,0,0,0,0,0,0,0,1,1,152000,5.181844,11.931636,38000,6,0,0,0,0,6,1
265,1931 Chilean Revolution,Chile,Latin America/Carribean,"July 13, 1931",13/07/1931,1931,"July 26, 1931",26/07/1931,1931,1,1,14,0,0,1930-34,152,155,,,CHL,1,0,0,0,0,0,0,U,1,0,0,1,0,0,0,0,0,0,0,0,0,1,0,1,1,1,0,1,1,0,0,0,0,0,0,1,,1,1,0,1,0,0,1,0,1,0,0,0,0,24,1.380211,3.178054,24,2,0,1,3,0,2,1
43,La Matanza,El Salvador,Latin America/Carribean,"January 22, 1932",22/01/1932,1932,"July 11, 1932",11/07/1932,1932,1,6,172,0,0,1930-34,222,92,,,SLV,1,0,0,0,0,0,0,R,0,1,0,0,0,0,0,0,0,0,0,0,0,1,0,1,0,0,1,0,0,0,0,0,0,1,0,0,60000,0,0,1,0,1,0,0,0,0,0,0,1,1,26667,4.425974,10.191182,26667,5,0,0,0,0,1,1
42,First APRA Rebellion,Peru,Latin America/Carribean,"July 7, 1932",07/07/1932,1932,"July 11, 1932",11/07/1932,1932,1,1,5,0,0,1930-34,604,135,,,PER,1,0,0,0,0,1,0,U,1,1,0,0,0,0,0,0,0,0,0,0,0,1,0,1,1,0,0,0,0,0,0,0,1,0,0,0,,0,1,0,0,0,0,1,0,0,0,0,0,0,2500,3.39794,7.824046,2500,4,0,0,0,0,1,1
164,Constitutionalist Revolution (Brazil),Brazil,Latin America/Carribean,"July 9, 1932",09/07/1932,1932,"October 4, 1932",04/10/1932,1932,1,3,88,0,0,1930-34,76,140,,,BRA,1,0,0,0,0,1,0,U,1,0,1,0,0,0,0,0,0,1,1,0,1,1,1,0,0,0,0,0,0,0,0,1,0,0,0,1,35000,0,1,1,1,0,1,0,0,1,0,1,0,1,3250,3.511883,8.08641,3250,4,0,0,1,0,1,1
44,Cuban Revolution of 1933,Cuba,Latin America/Carribean,"July 27, 1933",27/07/1933,1933,"August 12, 1933",12/08/1933,1933,1,1,17,0,0,1930-34,192,40,,,CUB,1,0,0,0,0,0,0,U,1,0,0,1,0,0,0,0,0,0,0,0,1,0,0,0,0,1,0,1,1,0,0,1,0,0,0,1,,1,1,1,1,1,0,1,0,0,0,1,0,0,22,1.342422,3.091042,22,2,0,1,3,0,9,1
45,Asturias Uprising and Catalan Revolt,Spain,Europe,"October 4, 1934",04/10/1934,1934,"October 18, 1934",18/10/1934,1934,1,1,15,0,0,1930-34,724,230,,,ESP,1,0,0,0,0,0,0,U,1,1,0,1,0,0,0,0,0,0,0,0,0,1,0,1,1,0,0,0,1,0,0,0,1,0,0,0,70000,0,1,0,0,0,0,1,0,0,0,0,1,1,2150,3.332438,7.673223,2150,4,0,0,0,0,1,1
277,Cuban General Strike of 1935,Cuba,Latin America/Carribean,"February 12, 1935",12/02/1935,1935,"March 13,1935",13/03/1935,1935,1,1,30,0,0,1935-39,192,40,,,CUB,1,0,0,0,0,0,0,U,1,0,0,1,0,0,0,0,0,0,0,0,0,1,0,1,1,0,0,0,1,0,0,0,0,0,0,1,500000,0,1,0,1,1,0,1,0,0,0,0,0,0,200,2.30103,5.298317,200,3,0,0,0,0,1,1
46,Sakdal Uprising,American-occupied Philippines,Asia,"May 2, 1935",02/05/1935,1935,"May 3, 1935",03/05/1935,1935,1,1,2,0,0,1935-39,608,840,,,PHL,0,1,0,1,0,0,0,R,0,0,0,0,1,1,0,0,0,0,0,0,0,1,0,1,0,0,0,0,0,0,0,0,0,0,1,0,65000,0,0,1,0,1,0,0,0,0,0,0,0,0,100,2.004321,4.61512,100,2,0,0,0,0,1,1
387,Goharshad Mosque Rebellion,Iran,Middle East/North Africa,"July 10, 1935",10/07/1935,1935,"July 23, 1935",23/07/1935,1935,1,1,14,0,0,1935-39,364,630,,,IRN,1,0,0,0,0,0,0,U,1,0,0,0,0,0,0,1,0,0,0,0,0,0,0,0,0,1,0,1,0,0,0,0,0,0,0,1,1500,1,0,0,0,1,0,0,0,0,1,0,0,0,1076,3.031812,6.981006,1076,4,0,0,0,0,1,1
315,1935 Communist Rebellion in Brazil,Brazil,Latin America/Carribean,"November 23, 1935",23/11/1935,1935,"November 27, 1935",27/11/1935,1935,1,1,5,0,0,1935-39,76,140,,,BRA,1,0,0,0,0,0,1,U,1,1,0,0,0,0,0,0,0,0,0,0,0,1,0,1,0,0,0,0,0,0,0,1,1,0,0,0,5000,0,0,1,0,0,0,1,0,0,0,1,0,0,86,1.934498,4.454347,86,2,0,0,0,0,1,1
316,1936 Syrian General Strike,French-controlled Syria,Middle East/North Africa,"January 20, 1936",20/01/1936,1936,"March 6, 1936",06/03/1936,1936,1,2,47,0,0,1935-39,760,652,220,250,SYR,0,1,0,1,0,0,0,U,1,0,0,0,1,1,0,0,0,0,0,0,0,0,0,0,0,1,0,1,1,0,0,0,0,0,0,1,20000,1,0,1,1,0,0,0,0,0,0,0,0,0,36,1.556303,3.583519,36,2,0,0,1,0,7,1
213,Arab Revolt in Palestine,British Controlled Palestine,Middle East/North Africa,"April 19, 1936",19/04/1936,1936,May 1939,31/05/1939,1939,4,38,1138,0,0,1935-39,,665,200,826,,0,1,0,1,0,0,0,UR,1,0,0,0,1,1,0,0,0,0,0,0,0,1,0,1,0,0,0,0,1,0,0,0,0,0,1,1,22000,1,0,0,0,1,1,0,1,0,0,0,1,1,5674,3.753889,8.64365,1418.5,4,0,0,0,0,1,1
47,Spanish Civil War,Spain,Europe,"July 17, 1936",17/07/1936,1936,"March 29, 1939",29/03/1939,1939,3,33,986,0,0,1935-39,724,230,,,ESP,1,0,0,0,0,0,0,RU,0,0,0,0,0,0,0,0,0,0,1,1,1,1,1,0,0,0,0,0,0,0,0,1,0,0,0,0,775000,0,0,0,0,0,1,0,0,1,1,1,0,1,685000,5.835691,13.437174,228333.3,6,0,1,3,0,5,1
317,1940-44 Insurgency in Chechnya,Soviet-controlled Chechnya,Europe,February 1940,15/02/1940,1940,December 1944,15/12/1944,1944,5,59,1766,0,0,1940-44,,374,365,643,,0,0,1,1,1,0,0,R,0,0,0,0,1,0,1,0,0,0,0,1,0,1,1,0,0,0,0,0,0,0,0,0,0,0,1,0,18000,0,0,0,0,1,0,0,0,0,0,0,1,1,216000,5.334454,12.283034,43200,6,0,0,0,0,1,1
50,Quit India Uprising,British-controlled India,Asia,"July 14, 1942",14/07/1942,1942,January 1944,31/01/1944,1944,2,19,567,0,0,1940-44,356,750,200,826,IND,0,1,0,0,1,0,0,U,1,0,0,0,1,1,0,0,0,0,0,0,0,0,0,0,0,1,0,1,1,1,0,0,0,0,0,1,1000000,0,1,0,0,1,0,0,0,1,0,0,0,1,1800,3.255514,7.496098,900,4,0,0,0,0,1,1
300,Woyane Rebellion of 1943 (Ethiopia),Ethiopia,Sub-Saharan Africa,May 1943,15/05/1943,1943,"October 18, 1943",18/10/1943,1943,1,6,157,0,0,1940-44,231,530,,,ETH,1,0,0,0,0,0,0,R,0,0,0,0,0,0,0,0,1,0,0,0,1,1,1,0,0,0,0,0,0,0,0,0,0,0,1,0,30000,0,0,0,0,1,1,0,0,0,0,0,1,0,,,,,,0,0,0,0,1,1
332,Jewish Insurgency in Palestine,British-controlled Palestine,Middle East/North Africa,"February 1, 1944",01/02/1944,1944,"November 29, 1947",28/11/1947,1947,4,46,1397,0,0,1940-44,376,666,200,826,ISR,0,1,0,1,1,0,0,U,1,0,0,0,1,1,0,0,0,0,0,0,1,1,1,0,0,0,0,0,0,0,0,0,0,0,0,1,28500,0,0,0,0,0,0,0,0,0,0,0,1,1,925,2.966142,6.829794,231.2,3,0,1,2,0,8,0
249,El Salvador Revolution of 1944,El Salvador,Latin America/Carribean,"April 2, 1944",02/04/1944,1944,"May 11, 1944",11/05/1944,1944,1,2,40,0,0,1940-44,222,92,,,SLV,1,0,0,0,0,0,0,U,1,0,0,1,0,0,0,0,0,0,0,0,0,1,0,1,1,0,0,1,1,0,0,1,0,0,0,0,,0,1,1,1,0,0,1,0,1,1,1,0,0,16,1.20412,2.772589,16,2,0,1,3,0,9,1
248,Glorious May Revolution 1944,Ecuador,Latin America/Carribean,"May 28, 1944",28/05/1944,1944,"May 31, 1944",31/05/1944,1944,1,1,4,0,0,1940-44,218,130,,,ECU,1,0,0,0,1,1,0,U,1,0,0,1,0,0,0,0,0,0,0,0,0,1,0,1,0,0,0,1,0,0,0,1,0,0,0,1,,1,1,1,1,1,0,1,0,0,0,1,0,0,146,2.164353,4.983607,146,3,0,1,3,0,2,1
51,Guatemalan Revolution,Guatemala,Latin America/Carribean,"June 15, 1944",15/06/1944,1944,"October 20, 1944",20/10/1944,1944,1,5,128,0,0,1940-44,320,90,,,GTM,1,0,0,0,0,0,1,U,1,0,0,1,0,0,0,0,0,0,0,0,0,1,0,1,1,0,0,1,1,0,0,1,0,0,0,0,,0,1,1,1,0,0,1,0,1,0,1,0,0,10,1,2.302585,10,1,0,1,3,0,3,1
52,Greek Civil War,Greece,Europe,"December 2, 1944",02/12/1944,1944,"October 16, 1949",16/10/1949,1949,5,59,1780,0,0,1940-44,300,350,,,GRC,1,0,0,0,1,0,0,RU,1,1,0,0,0,0,0,0,0,0,0,0,0,1,1,0,1,0,0,1,1,0,0,0,1,1,0,0,120000,0,0,1,1,1,0,1,0,0,0,0,0,0,129000,5.11059,11.767568,25800,6,0,0,0,0,4,1
282,Setif Uprising,French-controlled Algeria,Middle East/North Africa,"May 8, 1945",08/05/1945,1945,"May 31, 1945",31/05/1945,1945,1,1,24,0,0,1945-49,12,615,220,250,DZA,0,1,0,1,1,0,1,UR,1,0,0,0,1,1,0,0,0,0,0,0,0,1,0,1,1,1,0,1,0,0,0,0,0,0,1,1,10000,0,0,1,0,1,0,1,0,0,1,0,0,0,17340,4.239049,9.760771,17340,5,0,0,0,0,1,1
53,Indonesian War of Independence,Dutch-controlled Indonesia,Asia,"August 17, 1945",17/08/1945,1945,"December 31, 1949",31/12/1949,1949,5,53,1598,0,0,1945-49,360,850,210,528,IDN,0,1,0,1,1,0,0,R,0,0,0,0,1,1,0,0,0,0,0,0,0,1,1,0,0,0,0,0,0,0,0,0,0,0,1,0,335000,1,1,1,1,1,1,1,0,0,1,1,0,0,137500,5.138303,11.831379,27500,6,0,1,3,0,8,1
56,Vietnamese Revolution,French-controlled Vietnam,Asia,"August 19, 1945",19/08/1945,1945,"August 1, 1954",01/08/1954,1954,9,108,3270,0,0,1945-49,704,816,220,250,VNM,0,1,0,1,1,0,0,RU,0,1,0,0,1,1,0,0,0,0,0,0,0,1,1,0,1,0,1,0,0,0,0,0,0,1,0,0,450000,0,0,1,1,1,0,1,0,0,0,0,0,0,644295,5.809085,13.375912,71588.3,6,0,1,2,0,8,0
184,Haitian Revolution of 1946,Haiti,Latin America/Carribean,"January 6, 1946",06/01/1946,1946,"January 11, 1946",11/01/1946,1946,1,1,6,0,0,1945-49,332,41,,,HTI,1,0,0,0,0,0,0,U,1,0,0,1,0,0,0,0,0,0,0,0,0,0,0,0,0,1,0,1,1,0,0,1,0,0,0,1,,1,1,1,1,0,0,1,0,1,0,0,0,0,24,1.380211,3.178054,24,2,0,1,3,0,3,1
163,Chinese Revolution and Civil War Part 2,China,Asia,"June 26, 1946",26/06/1946,1946,"December 10, 1949",10/12/1949,1949,4,42,1264,0,0,1945-49,156,710,,,CHN,1,0,0,0,1,0,0,R,0,1,0,0,0,0,0,0,0,0,0,0,0,1,1,0,0,0,1,0,0,0,0,0,0,1,0,0,4000000,0,0,1,1,1,0,1,0,0,0,1,0,0,2100000,6.322219,14.557448,525000,6,0,1,3,0,5,0
55,Bolivian Revolt of 1946,Bolivia,Latin America/Carribean,"July 14, 1946",14/07/1946,1946,"July 21, 1946",21/07/1946,1946,1,1,8,0,0,1945-49,68,145,,,BOL,1,0,0,0,0,0,0,U,1,0,0,1,0,0,0,0,0,0,0,0,0,1,0,1,1,1,0,1,1,0,0,1,0,0,0,1,,0,1,1,1,0,0,1,0,0,0,1,0,0,900,2.954243,6.802395,900,3,0,1,3,0,11,1
54,Huk Rebellion,Philippines,Asia,"August 24, 1946",24/08/1946,1946,"May 17, 1954",17/05/1954,1954,8,93,2824,0,0,1945-49,608,840,,,PHL,1,0,0,0,1,1,0,R,0,1,0,0,0,0,0,0,0,0,0,0,0,1,1,0,0,0,0,0,0,0,0,0,0,1,0,0,170000,0,0,1,0,1,0,1,0,0,0,0,0,0,23136,4.364288,10.049145,2892,5,0,0,0,0,4,1
301,228 Uprising,Taiwan,Asia,"February 27, 1947",27/02/1947,1947,"March 30, 1947",30/03/1947,1947,1,2,32,0,0,1945-49,158,713,,,TWN,1,0,0,0,1,0,0,U,1,0,0,1,0,0,0,0,1,0,0,0,0,0,0,0,1,1,0,0,0,0,0,0,0,0,0,1,,1,0,0,0,0,0,0,0,0,0,0,1,1,26000,4.414973,10.165852,26000,5,0,0,0,0,1,1
57,Madagascar Rebellion,French-controlled Madagascar,Sub-Saharan Africa,"March 29, 1947",29/03/1947,1947,November 1948,30/11/1948,1948,2,21,613,0,0,1945-49,450,580,220,250,MDG,0,1,0,1,1,0,1,R,0,0,0,0,1,1,0,0,0,0,0,0,0,1,1,0,0,0,0,0,0,0,0,0,0,0,1,0,15000,0,0,1,0,1,0,0,0,0,0,0,1,1,52943,4.723808,10.876971,26471.5,6,0,0,0,0,4,1
62,Al-Wathbah,Iraq,Middle East/North Africa,"January 4, 1948",04/01/1948,1948,"May 18, 1948",18/05/1948,1948,1,5,136,0,0,1945-49,368,645,,,IRQ,1,0,0,0,0,0,0,U,1,1,1,0,0,0,0,0,0,0,0,0,0,0,0,0,1,1,0,1,1,0,0,0,1,0,0,0,100000,0,1,0,1,0,0,1,1,0,0,0,0,0,350,2.545307,5.860786,350,3,0,0,0,0,1,1
288,Communist Insurgency in Burma,Myanmar,Asia,"March 28, 1948",28/03/1948,1948,End of 1979,31/12/1979,1979,32,382,11601,0,0,1945-49,104,775,,,MMR,1,0,0,0,1,0,0,R,0,1,0,0,0,0,0,0,0,0,0,0,0,1,1,0,0,0,0,0,0,0,0,0,0,1,0,0,5500,0,0,1,0,1,0,0,0,0,0,0,0,0,,,,,,0,0,0,1,4,1
61,La Violencia,Colombia,Latin America/Carribean,"April 9, 1948",09/04/1948,1948,"May 27, 1958",27/05/1958,1958,11,122,3701,0,0,1945-49,170,100,,,COL,1,0,0,0,0,1,0,UR,1,1,0,0,0,0,0,0,0,1,0,0,0,1,1,0,1,1,0,0,0,0,0,0,0,0,1,1,,0,0,0,0,1,0,1,1,0,0,0,0,0,190000,5.278753,12.154779,17272.7,6,0,0,0,1,1,1
204,Malayan Emergency,British-controlled Malaysia,Asia,"June 16, 1948",16/06/1948,1948,"July 31, 1960",31/07/1960,1960,13,146,4429,0,0,1945-49,458,820,200,826,MYS,0,1,0,1,1,0,0,R,0,1,0,0,1,1,0,0,0,0,0,0,0,1,1,0,0,0,0,0,0,0,0,0,0,1,0,0,40000,0,0,1,0,1,0,1,0,0,0,0,1,1,11053,4.04348,9.310457,850.2,5,0,0,0,1,4,1
380,Callao Revolt,Peru,Latin America/Carribean,"October 3, 1948",03/10/1948,1948,"October 27, 1948",27/10/1948,1948,1,1,25,0,0,1945-49,604,135,,,PER,1,0,0,0,0,0,0,U,1,1,0,0,0,0,0,0,0,0,0,0,0,1,0,1,0,0,0,0,0,0,0,1,0,0,0,1,1000,0,0,1,0,0,0,1,0,0,0,1,0,0,242,2.383815,5.488938,242,3,0,0,0,0,1,1
302,Karen Revolt,Myanmar-controlled Karen-ni,Asia,"January 31, 1949",31/01/1949,1949,1976,31/12/1976,1976,28,336,10197,0,0,1945-49,,7798,775,104,,0,0,1,0,1,0,0,R,0,0,0,0,1,0,1,0,0,0,0,0,0,1,1,0,0,0,0,0,0,0,0,0,0,0,1,0,5000,0,0,1,1,1,0,0,0,0,0,0,1,1,,,,,,0,0,0,1,16,1
205,Darul Islam Guerrilla War,Indonesia,Asia,"August 7, 1949",07/08/1949,1949,August 1962,31/08/1962,1962,14,157,4773,0,0,1945-49,360,850,,,IDN,0,1,0,0,0,0,0,R,0,0,0,0,1,0,1,1,0,0,0,0,0,1,1,0,0,0,0,0,0,0,0,0,0,0,1,0,15000,1,0,0,0,1,0,0,0,1,1,0,0,1,17500,4.243038,9.769956,1250,5,0,0,1,0,7,1
289,Moluccan Independence Movement,Indonesian-controlled Molucca Islands,Pacific Oceania,"April 25, 1950",25/04/1950,1950,November 1950,15/11/1950,1950,1,7,205,0,0,1950-54,,8501,850,360,,0,0,1,0,0,0,0,RU,0,0,0,0,1,0,1,0,0,0,0,0,0,1,1,0,0,0,0,0,0,0,0,0,0,0,0,0,5000,0,0,0,0,1,0,0,0,0,0,1,1,1,5000,3.69897,8.517193,5000,4,0,0,0,0,1,1
258,First Naga Rebellion,Indian-controlled Nagaland,Asia,"May 16, 1951",16/05/1951,1951,"November 11, 1975",11/11/1975,1975,25,294,8946,0,0,1950-54,,7509,750,356,,0,0,1,0,0,0,0,R,0,0,0,0,1,0,1,0,0,0,0,0,0,1,1,0,0,0,0,0,0,0,0,0,0,0,1,0,27500,0,0,0,0,0,0,0,0,0,0,0,1,1,92000,4.963788,11.429544,3680,6,0,0,1,0,7,0
359,Tunisian independence movement,French-controlled Tunisia,Middle East/North Africa,January 1952,01/01/1952,1952,"March 20, 1956",20/03/1956,1956,5,51,1541,0,0,1950-54,788,616,220,250,TUN,0,1,0,1,0,0,0,R,0,0,0,0,1,1,0,0,0,0,0,0,0,1,1,0,0,0,0,0,0,0,0,0,0,0,1,0,2500,0,0,1,1,1,0,1,0,0,0,0,0,0,213,2.32838,5.361292,42.6,3,0,1,3,0,8,1
66,Egyptian Revolution of 1952,Egypt,Middle East/North Africa,"January 26, 1952",26/01/1952,1952,"July 25, 1952",25/07/1952,1952,1,6,182,0,0,1950-54,818,651,,,EGY,1,0,0,0,0,0,0,U,1,0,1,0,0,0,0,0,0,0,0,0,0,1,0,1,0,1,0,1,1,0,0,1,0,0,0,0,100000,0,0,0,1,0,0,1,0,0,0,1,0,0,53,1.724276,3.970292,53,2,0,1,3,0,3,1
65,Bolivian MNR Revolution,Bolivia,Latin America/Carribean,"April 8, 1952",08/04/1952,1952,"April 16, 1952",16/04/1952,1952,1,1,9,0,0,1950-54,68,145,,,BOL,1,0,0,0,0,1,0,U,1,1,0,0,0,0,0,0,0,0,0,0,1,1,0,1,1,0,0,1,0,0,0,1,0,0,0,0,,0,1,0,0,0,0,1,0,0,0,1,0,1,600,2.778874,6.398595,600,3,0,1,3,0,5,1
318,Rosewater Revolution,Lebanon,Middle East/North Africa,"May 17, 1952",17/05/1952,1952,"September 18, 1952",18/09/1952,1952,1,5,125,0,0,1950-54,422,660,,,LBN,1,0,0,0,0,0,0,U,1,0,0,0,0,0,0,0,1,1,0,0,1,0,0,0,0,0,0,1,1,0,0,0,0,0,0,1,50000,1,1,0,0,0,0,0,0,0,0,0,1,1,0,0,0,0,1,0,1,2,0,2,1
64,Mau-Mau Revolt,British-controlled Kenya,Sub-Saharan Africa,"August 24, 1952",24/08/1952,1952,"October 21, 1956",21/10/1956,1956,5,50,1520,0,0,1950-54,404,501,200,826,KEN,0,1,0,0,0,0,0,R,0,0,0,0,1,1,0,0,0,0,0,0,0,1,1,0,0,0,0,0,0,0,0,0,0,0,1,0,30000,0,0,0,0,1,0,1,0,0,0,0,1,1,27288,4.435972,10.214202,5457.6,5,0,0,0,0,1,1
67,East German Uprising,East Germany,Europe,"June 16, 1953",16/06/1953,1953,"June 20, 1953",20/06/1953,1953,1,1,5,0,0,1950-54,278,265,,,DDR,1,0,0,0,0,0,1,U,1,0,0,1,0,0,0,0,0,0,0,1,1,0,0,0,0,1,0,1,1,0,0,0,0,0,0,1,300000,0,1,0,0,0,0,1,0,0,0,0,0,0,316,2.499687,5.755742,316,3,0,0,0,0,1,1
68,Algerian National Revolution,French-controlled Algeria,Middle East/North Africa,"November 1, 1954",01/11/1954,1954,"July 5, 1962",05/07/1962,1962,8,93,2804,0,0,1950-54,12,615,220,250,DZA,0,1,0,0,0,0,0,R,0,1,0,0,1,1,0,0,0,0,0,0,0,1,1,0,0,0,0,0,0,0,0,0,0,0,1,0,61000,0,0,1,1,1,0,1,0,0,1,0,1,1,790000,5.897627,13.579788,98750,6,0,1,3,0,8,1
160,Cameroon War of Independence,French-controlled Cameroon,Sub-Saharan Africa,May 1955,01/05/1955,1955,"January 1, 1960",01/01/1960,1960,5,57,1707,0,0,1955-59,120,471,220,250,CMR,0,1,0,1,0,0,0,R,0,0,0,0,1,1,0,0,0,0,0,0,0,1,1,0,0,0,0,0,0,0,0,0,0,0,1,0,5000,0,0,1,0,1,1,1,0,0,0,0,1,1,21567,4.33379,9.97892,3594.5,5,0,0,1,0,1,1
259,First Sudanese Civil War,Sudanese-controlled South Sudan,Sub-Saharan Africa,"August 18, 1955",18/08/1955,1955,"March 27, 1972",27/03/1972,1972,17,200,6067,0,0,1955-59,,626,625,736,,0,0,1,0,0,0,0,R,0,0,0,0,1,0,1,0,1,0,0,0,0,1,1,0,0,0,0,0,0,0,0,1,0,0,1,0,10000,0,0,0,1,0,0,0,0,0,0,1,1,1,500000,5.69897,13.122363,29411.8,6,0,0,1,1,7,1
238,Tibetan Uprising,Chinese-controlled Tibet,Asia,"June 1, 1956",01/06/1956,1956,"March 21, 1959",21/03/1959,1959,3,34,1024,0,0,1955-59,,7910,710,156,,0,0,1,1,0,0,0,UR,1,0,0,0,1,0,1,0,0,0,0,1,1,1,1,0,1,1,0,0,0,0,0,0,0,0,1,1,80000,0,0,0,0,0,0,0,0,0,1,0,1,1,86000,4.934499,11.362103,86000,6,0,0,0,0,1,0
71,Peronist revolt,Argentina,Latin America/Carribean,"June 9, 1956",09/06/1956,1956,"July 28, 1957",28/07/1957,1957,2,14,415,0,0,1955-59,32,160,,,ARG,1,0,0,0,0,0,0,U,1,0,0,0,0,0,0,0,0,0,1,0,1,1,0,1,0,1,0,1,1,0,0,0,0,0,0,1,25000,0,1,0,0,0,0,1,0,0,0,1,0,0,38,1.579784,3.637586,19,2,0,0,0,0,1,1
70,Hungarian Revolution of 1956,Hungary,Europe,"October 23, 1956",23/10/1956,1956,"November 11, 1956",11/11/1956,1956,1,1,20,0,0,1955-59,348,310,,,HUN,1,0,0,0,0,0,1,U,1,0,0,1,0,0,0,0,0,0,0,1,1,1,0,1,1,0,0,1,0,0,0,0,0,0,0,1,200000,0,1,1,1,0,0,1,0,0,0,1,0,0,3200,3.505286,8.071218,3200,4,0,0,0,0,6,1
73,Cuban revolution,Cuba,Latin America/Carribean,"December 2, 1956",02/12/1956,1956,"January 8, 1959",08/01/1959,1959,3,26,768,0,0,1955-59,192,40,,,CUB,1,0,0,0,0,0,0,RU,0,1,0,0,0,0,0,0,0,0,0,0,0,1,1,0,0,0,0,1,0,0,0,0,0,1,0,0,9000,0,1,1,1,1,0,1,0,0,0,0,0,0,3200,3.50515,8.070906,1066.7,4,0,1,3,0,9,0
192,Colombian 1957 Revolution,Colombia,Latin America/Carribean,"May 2, 1957",01/05/1957,1957,"May 10, 1957",10/05/1957,1957,1,1,10,0,0,1955-59,170,100,,,COL,1,0,0,0,0,1,0,U,1,0,0,1,0,0,0,0,0,0,0,0,0,0,0,0,0,0,0,1,1,0,1,1,0,0,0,0,100000,1,1,0,1,0,0,1,0,1,1,1,0,0,52,1.716003,3.951244,52,2,0,1,3,0,3,1
335,1958 Venezuelan Uprising,Venezuela,Latin America/Carribean,"January 1, 1958",01/01/1958,1958,"January 23, 1958",23/01/1958,1958,1,1,23,0,0,1955-59,862,101,,,VEN,1,0,0,0,0,0,0,U,1,0,0,1,0,0,0,0,0,0,0,0,0,1,0,1,0,0,0,1,1,0,0,1,0,0,0,1,,0,0,0,1,0,0,1,0,1,0,1,0,0,300,2.477121,5.703782,300,3,0,1,3,0,9,1
360,Paraguayan Uprisings ,Paraguay,Latin America/Carribean,March 1958,01/03/1958,1958,April 1960,30/04/1960,1960,3,27,792,0,0,1955-59,600,150,,,PRY,1,0,0,0,0,1,0,R,0,1,0,1,0,0,0,0,0,0,0,0,0,1,1,0,0,0,0,0,0,0,0,0,0,0,1,0,1000,0,0,1,1,0,0,1,0,0,0,0,0,0,,,,,,0,0,0,0,4,1
74,First Lebanese civil war,Lebanon,Middle East/North Africa,"May 8, 1958",08/05/1958,1958,"July 15, 1958",15/07/1958,1958,1,3,69,0,0,1955-59,422,660,,,LBN,1,0,0,0,0,0,0,U,1,0,0,0,0,0,0,0,1,0,0,0,0,1,1,0,0,1,0,0,0,0,0,0,0,0,0,1,5000,0,0,0,0,0,0,0,0,0,0,0,1,1,3000,3.477121,8.006368,3000,4,0,0,1,0,6,0
206,Shan State Rebellion,Myanmar-controlled Shan State,Asia,"May 21, 1958",21/05/1958,1958,"January 16, 2012",16/01/2012,2012,54,644,19599,0,0,1955-59,,7757,775,104,,0,0,1,0,0,0,0,R,0,0,0,0,1,0,1,0,0,0,0,0,0,1,1,0,0,0,0,0,0,0,0,0,0,0,1,0,35000,0,0,1,1,1,1,0,0,0,0,0,1,1,,,,,,0,0,1,0,7,0
356,Mon Uprising,Myanmar-controlled Mon State,Asia,July 1958,01/07/1958,1958,"June 25, 1995",25/06/1995,1995,37,444,13509,0,0,1955-59,,7758,775,104,,0,0,1,0,0,0,0,R,0,0,0,0,1,0,1,0,0,0,0,0,0,1,1,0,0,0,0,0,0,0,0,0,0,0,1,0,3000,0,0,1,1,1,0,0,0,0,0,0,1,1,,,,,,0,0,1,1,10,1
76,April Revolution,South Korea,Asia,"March 15, 1960",15/03/1960,1960,"April 26, 1960",26/04/1960,1960,1,2,43,0,0,1960-64,410,732,,,KOR,1,0,0,0,0,1,0,U,1,0,0,1,0,0,0,0,0,0,0,0,0,0,0,0,0,0,0,1,0,0,1,0,0,0,0,0,100000,0,1,1,1,0,0,1,1,0,0,0,0,0,176,2.245513,5.170484,176,3,0,1,3,0,2,1
94,Anti-apartheid movement,South Africa,Sub-Saharan Africa,"March 21, 1960",21/03/1960,1960,"April 27, 1994",27/04/1994,1994,35,410,12456,0,0,1960-64,710,560,,,ZAF,1,0,0,0,0,0,0,UR,1,1,0,1,0,0,0,0,1,0,0,0,0,1,1,0,0,1,0,1,1,1,0,0,0,0,1,1,200000,0,0,1,1,0,0,1,1,0,0,0,1,1,12000,4.079181,9.392662,342.9,5,0,1,2,0,12,0
290,Congo Crisis,Zaire,Sub-Saharan Africa,"July 11, 1960",11/07/1960,1960,"January 21, 1963",21/01/1963,1963,3,31,925,0,0,1960-64,180,490,,,ZAR,1,0,0,0,0,0,0,R,0,1,0,0,1,0,1,0,0,0,0,0,1,1,1,0,0,0,0,0,0,0,0,0,0,0,1,0,10000,0,0,1,0,1,0,0,0,1,0,1,1,1,100000,5,11.512925,33333.3,6,0,0,0,1,4,1
75,Guatemalan civil war,Guatemala,Latin America/Carribean,"November 13, 1960",13/11/1960,1960,"December 29, 1996",29/12/1996,1996,37,434,13196,0,0,1960-64,320,90,,,GTM,1,0,0,0,0,0,0,R,0,1,0,0,0,0,0,0,0,0,0,0,0,1,1,0,0,0,0,0,0,0,0,0,0,1,0,0,9000,0,0,1,1,1,0,0,0,0,0,1,1,1,168667,5.22703,12.035682,4558.6,6,0,0,1,1,10,0
78,Angolan war of independence,Portuguese-controlled Angola,Sub-Saharan Africa,"January 3, 1961",03/01/1961,1961,"January 15, 1975",15/01/1975,1975,15,169,5126,0,0,1960-64,24,540,235,620,AGO,0,1,0,1,0,0,0,R,0,1,0,0,1,1,0,0,0,0,0,0,0,1,1,0,0,0,0,0,0,0,0,0,0,1,0,0,90000,0,0,1,1,1,0,1,0,0,0,0,1,1,52500,4.720159,10.868568,3500,6,0,1,3,0,8,0
77,Eritrean war of independence,Ethiopian-controlled Eritrea,Sub-Saharan Africa,"September 1, 1961",01/09/1961,1961,"May 29, 1991",29/05/1991,1991,30,357,10863,0,0,1960-64,232,663,530,231,ERI,0,0,1,0,0,0,0,R,0,1,0,0,1,0,1,0,1,0,0,0,0,1,1,0,0,0,0,0,0,0,0,0,0,1,0,0,15000,0,0,1,0,1,0,0,0,0,0,0,1,1,243333,5.386201,12.402186,8111.1,6,0,1,3,0,5,0
362,First Tuareg Rebellion in Mali,Tuareg-inhabited regions of Mali,Sub-Saharan Africa,February 1962,01/02/1962,1962,"August 15, 1964",15/08/1964,1964,3,31,927,0,0,1960-64,,4321,432,466,,0,0,1,0,0,0,0,R,0,0,0,0,1,0,1,1,0,0,0,0,0,1,1,0,0,0,0,0,0,0,0,0,0,0,1,0,1500,0,0,0,0,1,1,0,0,0,1,0,1,1,,,,,,0,0,0,0,4,1
291,First Kachin Rebellion,Myanmar-controlled Kachin,Asia,"March 2, 1962",02/03/1962,1962,"February 24, 1994",24/02/1994,1994,32,384,11683,0,0,1960-64,,7753,775,104,,0,0,1,0,0,0,0,R,0,0,0,0,1,0,1,0,0,0,0,0,1,1,1,0,0,0,0,0,0,0,0,0,0,0,1,0,20000,0,0,0,0,1,0,0,0,0,0,1,1,1,,,,,,0,0,1,0,10,0
361,Venezuelan Insurgency,Venezuela,Latin America/Carribean,"May 4, 1962",04/05/1962,1962,February 1969,28/02/1969,1969,7,82,2493,0,0,1960-64,862,101,,,VEN,1,0,0,0,0,0,0,RU,1,1,0,0,0,0,0,0,0,0,0,0,0,1,1,0,0,0,0,0,0,0,0,1,1,1,0,0,1000,0,0,1,1,0,0,0,0,0,0,1,0,0,684,2.835056,6.527958,97.7,3,0,0,0,0,4,1
363,Dhofar Rebellion,British-controlled Oman,Middle East/North Africa,December 1962,01/12/1962,1962,January 1976,31/01/1976,1976,14,159,4810,0,0,1960-64,512,698,,,OMN,1,0,0,0,0,0,0,R,0,1,1,0,0,0,0,0,1,0,0,0,0,1,1,0,0,0,0,0,0,0,0,0,0,1,0,0,1800,0,0,1,1,1,1,0,0,0,1,1,1,1,11683,4.067554,9.36589,834.5,5,0,0,0,1,4,0
388,Brunei Rebellion,British protectorate of Brunei,Asia,"December 8, 1962",08/12/1962,1962,"December 17, 1962",17/12/1962,1962,1,1,10,0,0,1960-64,96,835,200,826,BRN,0,1,0,1,0,0,1,UR,1,0,1,0,1,1,0,0,0,0,0,0,1,1,0,1,1,0,0,0,0,0,0,0,0,0,0,1,4000,0,0,0,1,0,0,0,0,0,0,0,0,0,73,1.863323,4.290459,73,2,0,0,0,0,1,1
80,Guinea-Bissau revolution,Portuguese-controlled Guinea and Cape Verde Islands,Sub-Saharan Africa,"January 23, 1963",23/01/1963,1963,"August 26, 1974",26/08/1974,1974,12,140,4234,0,0,1960-64,624,404,235,620,GNB,0,1,0,1,0,0,0,R,0,1,0,0,1,1,0,0,0,0,0,0,0,1,1,0,0,0,0,0,0,0,0,0,0,1,0,0,10000,0,1,1,0,1,0,0,0,0,0,0,0,0,12534,4.09809,9.4362,1044.5,5,0,1,3,0,8,1
319,15 Khordad Uprising,Iran,Middle East/North Africa,"June 5, 1963",05/06/1963,1963,"June 12, 1963",12/06/1963,1963,1,1,8,0,0,1960-64,364,630,,,IRN,1,0,0,0,0,0,1,U,1,0,0,0,0,0,0,1,0,0,0,0,0,0,0,0,0,1,0,1,0,0,0,0,0,0,0,1,100000,1,0,0,1,1,0,0,0,0,1,0,0,0,4710,3.673021,8.457443,4710,4,0,0,0,0,1,1
389,Ar-Rashid Revolt,Iraq,Middle East/North Africa,"July 3, 1963",03/07/1963,1963,"July 4, 1963",04/07/1963,1963,1,1,2,0,0,1960-64,368,645,,,IRQ,1,0,0,0,0,0,0,U,1,1,0,0,0,0,0,0,0,0,0,0,0,1,0,1,0,0,0,0,0,0,0,1,0,0,0,1,2000,0,0,0,0,0,0,1,0,0,0,1,0,0,,,,,,0,0,0,0,1,1
343,Trois Glourieuses,Congo-Brazzaville,Sub-Saharan Africa,"August 13, 1963",13/08/1963,1963,"August 15, 1963",15/08/1963,1963,1,1,3,0,0,1960-64,178,484,,,COG,1,0,0,0,0,0,0,U,1,1,0,0,0,0,0,0,0,0,0,0,1,1,0,1,0,1,0,1,1,0,0,1,0,0,0,1,10000,0,0,0,1,0,0,1,0,0,0,1,0,1,4,0.60206,1.386294,4,1,0,1,3,0,3,1
257,Aden Emergency,British-controlled Aden,Middle East/North Africa,"December 10, 1963",10/12/1963,1963,"November 30, 1967",30/11/1967,1967,4,48,1452,0,0,1960-64,,681,200,826,,0,1,0,1,0,0,0,RU,0,1,0,0,1,1,0,0,0,0,0,0,0,1,1,0,0,0,0,0,0,0,0,0,0,1,0,0,15000,0,0,0,0,0,0,0,0,0,0,0,1,1,2096,3.321391,7.647786,524,4,0,1,3,0,9,1
273,Manipur Insurgency,Indian-controlled Manipur,Asia,1964,01/01/1964,1964,Ongoing,,,52,613,18628,1,0,1960-64,,7587,750,356,,0,0,1,0,0,0,0,R,0,1,0,0,1,0,1,0,0,0,0,0,0,1,1,0,0,0,0,0,0,0,0,0,0,1,0,0,10000,0,0,1,1,0,0,0,0,0,0,0,1,1,5665,3.7532,8.642062,108.9,4,1,0,0,0,13,
336,Simba Rebellion,Zaire,Sub-Saharan Africa,January 1964,15/01/1964,1964,"December 15, 1964",15/12/1964,1964,1,12,336,0,0,1960-64,180,490,,,ZAR,1,0,0,0,0,0,0,R,0,1,0,0,0,0,0,0,1,0,0,0,0,1,1,0,0,0,0,0,0,0,0,0,0,1,0,0,9500,0,0,1,0,1,0,0,0,0,1,0,1,1,20000,4.30103,9.903488,20000,5,0,0,0,0,4,1
82,Rhodesian Bush War,Rhodesia,Sub-Saharan Africa,"July 4, 1964",04/07/1964,1964,"December 21, 1979",21/12/1979,1979,16,186,5649,0,0,1960-64,716,552,,,ZWE,1,0,0,0,0,0,1,R,0,1,0,0,0,0,0,0,1,0,0,0,0,1,1,0,0,0,0,0,0,0,0,0,0,1,0,0,45500,0,0,1,0,1,0,0,0,0,0,0,1,1,28500,4.454845,10.257659,1781.2,5,0,1,2,0,7,0
84,Mozambique war of independence,Portuguese-controlled Mozambique,Sub-Saharan Africa,"September 25, 1964",25/09/1964,1964,"June 25, 1975",25/06/1975,1975,11,129,3926,0,0,1960-64,508,541,235,620,MOZ,0,1,0,1,0,0,0,R,0,1,0,0,1,1,0,0,0,0,0,0,0,1,1,0,0,0,0,0,0,0,0,0,0,1,0,0,15000,0,0,1,0,1,0,0,0,0,0,0,0,1,57125,4.756826,10.952997,5193.2,6,0,1,3,0,8,1
83,October Revolution in Sudan,Sudan,Sub-Saharan Africa,"October 21, 1964",21/10/1964,1964,"October 30, 1964",30/10/1964,1964,1,1,10,0,0,1960-64,736,625,,,SDN,1,0,0,0,0,0,0,U,1,0,0,1,0,0,0,0,0,0,0,0,0,0,0,0,0,1,0,1,1,0,1,0,0,0,0,0,30000,0,1,1,1,0,0,1,0,0,0,1,0,0,31,1.491362,3.433987,31,2,0,1,2,0,7,1
394,March Intifada,British-controlled Bahrain,Middle East/North Africa,"March 5, 1965",05/03/1965,1965,April 1965,15/04/1965,1965,1,2,42,0,0,1965-69,48,692,200,826,BHR,0,1,0,1,0,0,0,U,1,1,1,0,1,1,0,0,0,0,0,0,0,0,0,0,1,1,0,1,1,0,0,0,1,0,0,0,3000,0,0,1,1,0,0,1,0,0,0,0,0,0,6,0.778151,1.791759,6,1,0,0,0,0,1,1
81,Dominican civil war,Dominican Republic,Latin America/Carribean,"April 24, 1965",24/04/1965,1965,"August 31, 1965",31/08/1965,1965,1,5,130,0,0,1965-69,214,42,,,DOM,1,0,0,0,0,0,0,U,1,1,0,1,0,0,0,0,0,0,0,0,0,1,1,0,0,0,0,0,0,0,0,1,1,0,0,0,10000,0,1,1,0,0,0,0,1,0,0,1,0,0,2750,3.439333,7.919356,2750,4,0,0,1,0,6,1
159,Thai communist insurgency,Thailand,Asia,August 1965,01/08/1965,1965,December 1982,31/12/1982,1982,18,210,6362,0,0,1965-69,764,800,,,THA,1,0,0,0,0,0,0,R,0,1,0,0,0,0,0,0,0,0,0,0,0,1,1,0,0,0,0,0,0,0,0,0,0,1,0,0,96000,0,0,1,1,1,0,1,0,0,0,0,1,1,8000,3.90309,8.987197,444.4,4,0,0,1,1,4,1
86,First Chadian civil war,Chad,Sub-Saharan Africa,"November 1, 1965",01/11/1965,1965,"August 21, 1979",21/08/1979,1979,14,166,5042,0,0,1965-69,148,483,,,TCD,1,0,0,0,0,0,0,R,0,0,0,0,0,0,0,0,1,1,0,0,0,1,1,0,0,0,0,0,0,0,0,0,0,0,1,0,10000,0,0,1,1,1,0,0,0,0,0,0,1,1,50000,4.698979,10.8198,1562.5,5,0,1,2,0,9,1
365,Mizo Uprising,Indian-controlled Mizoram,Asia,"February 28, 1966",28/02/1966,1966,"June 30, 1986",30/06/1986,1986,21,245,7428,0,0,1965-69,,7510,750,356,,0,0,1,0,1,0,0,R,0,0,0,0,1,0,1,0,0,0,0,0,0,1,1,0,0,0,0,0,0,0,0,0,0,0,1,0,3000,0,0,0,0,0,0,0,0,0,0,0,1,1,154,2.187521,5.036953,7.3,3,0,0,1,0,7,0
292,1966 Ecuador Unrest,Ecuador,Latin America/Carribean,"March 22, 1966",22/03/1966,1966,"March 29, 1966",29/03/1966,1966,1,1,8,0,0,1965-69,218,130,,,ECU,1,0,0,0,0,0,1,U,1,0,0,1,0,0,0,0,0,0,0,0,0,0,0,0,0,1,0,1,1,0,0,1,0,0,0,1,20000,1,1,1,1,0,0,1,0,1,0,1,0,0,5,0.69897,1.609438,5,1,0,1,2,0,3,1
87,Namibian War of Independence,South African-controlled Namibia,Sub-Saharan Africa,"August 26, 1966",26/08/1966,1966,"March 21, 1990",21/03/1990,1990,24,283,8609,0,0,1965-69,516,565,560,710,NAM,0,1,0,1,0,0,0,RU,0,1,0,0,1,1,0,0,0,0,0,0,0,1,1,0,0,1,0,0,1,1,0,0,0,1,0,0,32000,0,0,1,0,1,0,1,0,0,0,0,1,1,22500,4.352183,10.021271,937.5,5,0,1,2,0,8,0
88,Cambodian Civil War,Cambodia,Asia,"March 11, 1967",11/03/1967,1967,"April 17, 1975",17/04/1975,1975,9,98,2960,0,0,1965-69,116,811,,,KHM,1,0,0,0,1,0,0,RU,0,1,0,0,0,0,0,0,0,0,0,0,1,1,1,0,0,0,0,1,0,0,0,0,0,1,0,0,100000,0,1,1,1,1,0,0,0,0,0,0,0,0,250000,5.39794,12.429216,27777.8,6,0,1,3,0,5,1
366,First Naxalite Uprising,India,Asia,"May 18, 1967",18/05/1967,1967,July 1972,31/07/1972,1972,6,63,1902,0,0,1965-69,356,750,,,IND,1,0,0,0,0,0,0,R,0,1,0,0,0,0,0,0,0,0,0,0,0,1,1,0,0,0,1,0,0,0,0,0,0,1,0,0,2000,0,0,1,1,1,0,0,0,0,0,0,1,1,1180,3.071882,7.07327,196.7,4,0,0,0,0,1,0
239,Nigerian Civil War,Nigerian-controlled Iboland,Sub-Saharan Africa,"May 30, 1967",30/05/1967,1967,"January 15, 1970",15/01/1970,1970,3,32,962,0,0,1965-69,,4790,475,566,,0,0,1,0,0,0,0,RU,0,0,0,0,1,0,1,0,0,0,0,0,0,1,1,0,0,0,0,0,0,0,0,0,0,0,0,0,30000,0,0,0,0,0,0,0,0,0,0,1,1,1,2250000,6.352183,14.626441,750000,6,0,0,0,0,4,1
364,Tupamaros,Uruguay,Latin America/Carribean,1967,30/06/1967,1967,"January 1, 1975",01/01/1975,1975,8,91,2743,0,0,1965-69,858,165,,,URY,1,0,0,0,0,0,0,U,1,1,0,0,0,0,0,0,0,0,0,0,0,1,0,1,0,0,0,0,0,0,0,0,1,0,0,0,3000,0,0,1,1,0,0,1,0,0,0,0,0,0,,,,,,0,0,0,1,1,1
260,Bangladesh Secession,Pakistan-controlled East Pakistan,Asia,"January 6, 1968",06/01/1968,1968,"December 16, 1971",16/12/1971,1971,4,48,1441,0,0,1965-69,50,771,770,586,BGD,0,0,1,0,1,1,0,UR,1,0,0,0,1,0,1,0,0,0,0,0,0,1,1,0,0,0,0,1,1,0,0,1,0,0,0,1,90000,0,1,1,1,1,0,1,0,0,0,1,1,1,250000,5.39794,12.429216,62500,6,0,1,3,0,5,1
236,May 1968 in France,France,Europe,"May 6, 1968",06/05/1968,1968,"May 30, 1968",30/05/1968,1968,1,1,25,0,0,1965-69,250,220,,,FRA,1,0,0,0,0,0,0,U,1,1,0,0,0,0,0,0,0,0,0,0,0,0,0,0,0,1,0,1,1,0,0,0,1,0,0,0,10000000,0,0,1,1,0,0,1,0,0,0,0,0,0,12,1.079181,2.484907,12,2,0,0,1,0,12,0
368,Basque Separatist Movement,Spanish-controlled Basque Lands,Europe,"June 7, 1968",07/06/1968,1968,"October 20, 2011",20/10/2011,2011,44,521,15841,0,0,1965-69,,2301,230,724,,0,0,1,0,0,0,0,U,1,1,0,0,1,0,1,0,0,0,0,0,0,1,0,1,0,0,0,0,0,0,0,0,0,0,0,1,2000,0,0,1,1,1,0,0,0,0,0,0,1,1,1213,3.083861,7.100852,27.6,4,0,0,0,1,10,0
367,Second Malayan Emergency,Malaysia,Asia,"June 17, 1968",17/06/1968,1968,"December 2, 1989",02/12/1989,1989,22,258,7839,0,0,1965-69,458,820,,,MYS,1,0,0,0,0,0,0,R,0,1,0,0,0,0,0,0,1,0,0,0,0,1,1,0,0,0,0,0,0,0,0,0,0,1,0,0,2400,0,0,1,1,1,0,0,0,0,0,0,1,1,367,2.564666,5.905362,16.7,3,0,0,0,1,4,0
210,NPA Communist Revolution,Philippines,Asia,"March 29, 1969",29/03/1969,1969,Ongoing,,,46,550,16714,1,0,1965-69,608,840,,,PHL,1,0,0,0,0,0,0,R,0,1,0,0,0,0,0,0,0,0,0,0,0,1,1,0,0,0,0,0,0,0,0,0,0,1,0,0,26000,0,0,1,1,1,0,0,1,0,0,0,0,0,40000,4.60206,10.596635,909.1,5,1,0,0,1,13,
247,ERP/Montoneros Rebellion,Argentina,Latin America/Carribean,1969,01/07/1969,1969,late 1977,31/12/1977,1977,9,103,3106,0,0,1965-69,32,160,,,ARG,1,0,0,0,0,0,0,U,1,1,0,0,0,0,0,0,0,0,0,0,0,1,1,0,0,0,0,0,0,0,0,0,1,0,0,0,10000,0,0,1,1,0,0,0,0,0,0,0,0,0,16000,4.20412,9.680344,1777.8,5,0,0,0,1,1,1
230,Black Power Revolution in Trinidad,Trinidad and Tobago,Latin America/Carribean,"February 9, 1970",09/02/1970,1970,"April 25, 1970",25/04/1970,1970,1,3,76,0,0,1970-74,780,52,,,TTO,1,0,0,0,0,0,0,U,1,1,0,0,0,0,0,0,1,0,0,0,0,0,0,0,1,0,0,1,1,0,0,1,1,0,0,0,30000,0,0,1,1,0,0,1,1,0,0,1,1,1,6,0.778151,1.791759,6,1,0,0,1,0,1,0
261,Black September in Jordan,Jordan,Middle East/North Africa,"September 1, 1970",01/09/1970,1970,"June 15, 1971",15/06/1971,1971,1,10,288,0,0,1970-74,400,663,,,JOR,1,0,0,0,1,0,0,UR,0,0,1,0,0,0,0,0,1,0,0,0,0,1,1,0,0,0,0,0,0,0,0,0,0,0,0,0,20000,0,0,0,0,0,0,0,0,0,0,0,1,1,9567,3.980776,9.166075,9567,4,0,0,0,0,4,0
390,Monima Revolt,Madagascar,Sub-Saharan Africa,"April 1, 1971",01/04/1971,1971,"April 2, 1971",02/04/1971,1971,1,1,2,0,0,1970-74,450,580,,,MDG,1,0,0,0,0,0,0,R,0,1,0,0,0,0,0,0,0,0,0,0,0,1,0,1,0,1,0,0,0,0,0,0,0,0,1,0,1500,0,0,1,0,1,0,0,0,0,0,0,0,0,525,2.720159,6.263398,525,3,0,0,0,0,1,1
89,1971 JVP Insurrection,Sri Lanka,Asia,"April 5, 1971",05/04/1971,1971,"May 31, 1971",31/05/1971,1971,1,2,57,0,0,1970-74,144,780,,,LKA,1,0,0,0,0,0,0,R,0,1,0,0,0,0,0,0,0,0,0,0,0,1,0,1,0,0,0,0,0,0,0,0,0,1,0,0,20000,0,0,0,1,0,0,0,0,0,0,0,0,1,7440,3.871573,8.914626,7440,4,0,0,0,0,4,0
321,1972 Rotaka Revolution,Madagascar,Asia,"April 24, 1972",24/04/1972,1972,"May 18, 1972",18/05/1972,1972,1,1,25,0,0,1970-74,450,580,,,MDG,1,0,0,0,0,1,0,U,1,0,0,0,0,0,0,0,0,0,0,0,1,0,0,0,0,1,0,1,1,0,0,1,0,0,0,0,100000,0,1,0,1,1,0,1,1,0,0,0,0,1,34,1.531479,3.526361,34,2,0,1,2,0,3,1
90,First Burundi civil war,Burundi,Sub-Saharan Africa,"April 29, 1972",29/04/1972,1972,"July 31, 1972",31/07/1972,1972,1,4,94,0,0,1970-74,108,516,,,BDI,1,0,0,0,0,0,0,R,0,0,0,0,0,0,0,0,1,0,0,0,0,1,1,0,0,0,0,0,0,0,0,0,0,0,1,0,5000,0,0,0,1,1,0,0,0,0,0,1,1,1,176667,5.247155,12.082022,176667,6,0,0,0,0,4,1
235,Moro Rebellion,Philippines-controlled Mindinao,Asia,"October 24, 1972",24/10/1972,1972,"October 15, 2012",15/10/2012,2012,40,480,14602,0,0,1970-74,,8403,840,608,,0,0,1,0,0,0,0,R,0,0,0,0,1,0,1,1,0,0,0,0,0,1,1,0,0,0,0,0,0,0,0,0,0,0,1,0,40000,0,0,1,1,1,0,0,0,0,0,0,1,1,63000,4.799341,11.05089,1575,6,0,0,1,1,7,0
203,Baloch Insurgency,Pakistan-controlled Baluchistan,Asia,February 1973,01/02/1973,1973,End of 1978,31/12/1978,1978,6,71,2160,0,0,1970-74,,7588,770,586,,0,0,1,0,0,0,0,R,0,0,0,0,1,0,1,0,0,0,0,0,0,1,1,0,0,0,0,0,0,0,0,0,0,0,1,0,55000,0,0,0,1,1,1,0,0,0,0,0,1,1,11527,4.061716,9.352447,1921.2,5,0,0,0,1,4,1
92,1973 Thai Democracy Movement,Thailand,Asia,"October 6, 1973",06/10/1973,1973,"October 14, 1973",14/10/1973,1973,1,1,9,0,0,1970-74,764,800,,,THA,1,0,0,0,0,0,0,U,1,0,0,1,0,0,0,0,0,0,0,0,0,0,0,0,0,0,0,1,0,0,1,0,0,0,0,0,250000,0,1,1,1,0,0,1,0,0,0,0,0,0,300,2.477121,5.703782,300,3,0,1,3,0,2,1
185,Greek Polytechnic Uprising,Greece,Europe,"November 14, 1973",14/11/1973,1973,"November 17, 1973",17/11/1973,1973,1,1,4,0,0,1970-74,300,350,,,GRC,1,0,0,0,0,0,1,U,1,0,0,1,0,0,0,0,0,0,0,0,0,0,0,0,0,0,0,1,0,0,1,0,0,0,0,0,100000,0,0,1,1,0,0,1,0,0,0,0,0,0,54,1.732394,3.988984,54,2,0,0,0,0,1,1
93,Carnation Revolution,Portugal,Europe,"April 25, 1974",25/04/1974,1974,"November 25, 1975",25/11/1975,1975,2,20,580,0,0,1970-74,620,235,,,PRT,1,0,0,0,1,0,0,U,1,1,0,1,0,0,0,0,0,0,0,0,0,1,0,1,0,0,0,1,1,0,0,1,0,0,0,0,100000,0,1,1,1,1,0,1,0,0,0,1,0,0,5,0.69897,1.609438,2.5,1,0,1,3,0,14,0
266,Ethiopian Civil War,Ethiopia,Sub-Saharan Africa,"September 12, 1974",12/09/1974,1974,"May 28, 1991",28/05/1991,1991,17,201,6103,0,0,1970-74,231,530,,,ETH,1,0,0,0,0,0,0,R,0,0,0,0,0,0,0,0,1,0,0,1,0,1,1,0,0,0,0,0,0,0,0,0,0,0,1,0,30000,0,0,0,1,1,0,0,0,0,0,0,1,1,815000,5.911157,13.610943,47941.2,6,0,1,3,0,5,0
95,Second Lebanese civil war,Lebanon,Middle East/North Africa,"April 13, 1975",13/04/1975,1975,"October 13, 1990",13/10/1990,1990,16,187,5663,0,0,1975-79,422,660,,,LBN,1,0,0,0,1,0,0,U,1,0,0,0,0,0,0,0,1,0,0,0,0,1,1,0,0,0,0,0,0,0,0,1,0,0,0,1,72000,0,0,0,1,0,0,0,0,0,0,1,1,1,103500,5.01494,11.547327,6468.8,6,0,0,1,0,7,0
96,Angolan civil war,Angola,Sub-Saharan Africa,"November 11, 1975",11/11/1975,1975,"April 4, 2002",04/04/2002,2002,27,317,9642,0,0,1975-79,24,540,,,AGO,1,0,0,0,1,0,0,R,0,0,0,0,0,0,0,0,1,1,0,1,0,1,1,0,0,0,0,0,0,0,0,0,0,0,1,0,77000,0,0,0,0,1,0,0,0,0,0,0,1,1,420000,5.623249,12.94801,15555.6,6,0,0,0,0,4,0
99,Laotian guerilla war,Laos,Asia,"December 2, 1975",02/12/1975,1975,1990,31/12/1990,1990,16,181,5509,0,0,1975-79,418,812,,,LAO,1,0,0,1,1,0,0,R,0,0,0,0,0,0,0,0,0,0,1,1,1,1,1,0,0,0,0,0,0,0,0,0,0,0,1,0,40000,0,0,0,0,1,0,0,0,0,0,0,1,1,70000,4.845098,11.156251,4375,6,0,0,0,0,4,0
98,Colombian civil war,Colombia,Latin America/Carribean,1976,30/06/1976,1976,Ongoing,,,39,463,14064,1,0,1975-79,170,100,,,COL,1,0,0,0,0,0,0,RU,1,1,0,0,0,0,0,0,0,0,0,0,1,1,1,0,0,0,0,0,0,0,0,0,1,1,0,0,30000,0,0,1,1,1,0,0,0,0,0,0,1,1,175000,5.243038,12.072541,4729.7,6,1,0,0,0,13,
215,Aceh Insurgency,Indonesian-controlled Aceh,Asia,"December 4, 1976",04/12/1976,1976,"August 15, 2005",15/08/2005,2005,29,345,10482,0,0,1975-79,,8506,850,360,,0,0,1,0,0,0,0,R,0,0,0,0,1,0,1,1,0,0,0,0,0,1,1,0,0,0,0,0,0,0,0,0,0,0,1,0,27000,0,0,0,1,1,0,0,0,0,1,0,1,1,15000,4.176091,9.615805,517.2,5,0,0,1,1,10,0
97,Mozambican civil war,Mozambique,Sub-Saharan Africa,"May 30, 1977",30/05/1977,1977,"October 15, 1992",15/10/1992,1992,16,185,5618,0,0,1975-79,508,541,,,MOZ,1,0,0,0,1,0,0,R,0,0,0,0,0,0,0,0,0,0,1,1,0,1,1,0,0,0,0,0,0,0,0,0,0,0,1,0,20000,0,0,0,0,1,0,0,0,0,0,0,1,1,500000,5.69897,13.122363,31250,6,0,0,0,0,7,0
102,Iranian Revolution,Iran,Middle East/North Africa,"January 9, 1978",09/01/1978,1978,"February 11, 1979",11/02/1979,1979,2,14,399,0,0,1975-79,364,630,,,IRN,1,0,0,0,0,0,0,U,1,1,1,0,0,0,0,1,0,0,0,0,0,1,0,1,1,1,0,1,1,0,0,0,1,0,0,1,2000000,1,1,1,1,0,0,1,1,0,1,0,0,0,2781,3.444357,7.930925,1390.5,4,0,1,3,0,9,0
91,Sandinista Revolution,Nicaragua,Latin America/Carribean,"January 10, 1978",10/01/1978,1978,"July 19, 1979",19/07/1979,1979,2,19,556,0,0,1975-79,558,93,,,NIC,1,0,0,0,0,0,1,RU,0,1,0,0,0,0,0,0,0,0,0,0,0,1,1,0,1,1,0,0,1,0,0,0,1,1,0,0,30000,0,1,1,1,1,0,1,0,0,0,0,0,0,30000,4.477121,10.308953,15000,5,0,1,3,0,5,1
100,Saur (April) Revolution,Afghanistan,Middle East/North Africa,"April 19, 1978",19/04/1978,1978,"April 28, 1978",28/04/1978,1978,1,1,10,0,0,1975-79,4,700,,,AFG,1,0,0,0,0,0,0,U,1,1,0,0,0,0,0,0,0,0,0,0,0,1,0,1,0,0,0,1,0,0,0,1,0,0,0,0,15000,0,1,1,0,0,0,0,0,0,0,1,1,1,1036,3.01536,6.943122,1036,4,0,1,3,0,3,1
101,Ugandan civil war,Uganda,Sub-Saharan Africa,"October 28, 1978",28/10/1978,1978,"April 11, 1979",11/04/1979,1979,1,6,166,0,0,1975-79,800,500,,,UGA,1,0,0,0,1,0,0,R,0,0,0,0,0,0,0,0,1,0,0,0,1,1,1,0,0,0,0,0,0,0,0,0,0,0,1,0,20000,0,0,0,0,0,0,0,0,0,0,1,1,1,2062,3.314289,7.631432,2062,4,0,1,3,0,5,1
103,Afghan civil war,Afghanistan,Middle East/North Africa,March 1979,01/03/1979,1979,"April 30, 1992",30/04/1992,1992,14,159,4810,0,0,1975-79,4,700,,,AFG,1,0,0,1,1,0,0,R,0,0,0,0,0,0,0,1,0,0,0,1,0,1,1,0,0,0,0,0,0,0,0,0,0,0,1,0,250000,0,0,0,0,1,1,0,0,0,1,0,1,1,1023333,6.010017,13.838576,68222.2,6,0,1,3,1,5,1
105,El Salvador Civil War,El Salvador,Latin America/Carribean,"May 9, 1979",09/05/1979,1979,"January 16, 1992",16/01/1992,1992,13,153,4636,0,0,1975-79,222,92,,,SLV,1,0,0,0,0,1,0,RU,0,1,0,0,0,0,0,0,0,0,0,0,0,1,1,0,0,0,0,1,0,0,0,0,0,1,0,0,250000,0,0,1,1,1,0,1,0,0,1,0,0,0,77500,4.889302,11.258033,5961.5,6,0,0,1,1,7,1
109,Islamist Uprising in Syria,Syria,Middle East/North Africa,"June 16, 1979",16/06/1979,1979,"February 28, 1982",28/02/1982,1982,3,33,989,0,0,1975-79,760,652,,,SYR,1,0,0,0,1,0,0,U,1,0,0,0,0,0,0,1,0,0,0,0,0,1,1,0,0,0,0,1,1,0,0,0,0,0,0,1,10000,0,0,0,0,0,1,0,0,0,1,0,1,1,23333,4.367971,10.057624,23333,5,0,0,0,0,4,0
294,Second Naga Insurgency,Indian-controlled Nagaland,Asia,"January 31, 1980",31/01/1980,1980,Ongoing,,,35,420,12754,1,0,1980-84,,7509,750,356,,0,0,1,0,0,0,0,R,0,1,0,0,1,0,1,0,0,0,0,0,0,1,1,0,0,0,0,0,0,0,0,0,0,1,0,0,5500,0,0,1,0,1,0,0,0,0,0,0,1,1,1492,3.173769,7.307873,42.6,4,1,0,0,0,13,
391,Second Chadian civil war,Chad,Sub-Saharan Africa,March 1980,01/03/1980,1980,August 1983,31/08/1983,1983,4,43,1279,0,0,1980-84,148,483,,,TCD,1,0,0,0,1,0,0,R,0,0,0,0,0,0,0,0,0,1,0,0,0,1,1,0,0,0,0,0,0,0,0,0,0,0,1,0,2500,0,0,0,0,0,0,0,0,0,0,1,1,1,8500,3.929419,9.047821,2125,4,0,1,3,0,10,1
107,Sendero Luminoso,Peru,Latin America/Carribean,"March 17, 1980",17/03/1980,1980,July 1999,31/07/1999,1999,20,233,7076,0,0,1980-84,604,135,,,PER,1,0,0,0,0,0,1,R,0,1,0,0,0,0,0,0,0,0,0,0,0,1,1,0,0,0,0,0,0,0,0,0,0,1,0,0,10000,0,0,1,1,1,0,0,0,0,0,0,1,1,47140,4.67339,10.760877,2357,5,0,0,0,1,4,1
104,Kwangju Uprising,South Korea,Asia,"May 18, 1980",18/05/1980,1980,"May 27, 1980",27/05/1980,1980,1,1,10,0,0,1980-84,410,732,,,KOR,1,0,0,0,0,0,0,U,1,0,0,1,0,0,0,0,0,0,0,0,0,1,0,1,0,0,0,1,0,0,1,0,0,0,0,0,10000,0,1,1,1,0,0,1,0,0,0,0,0,0,1067,3.028164,6.972606,1067,4,0,0,0,0,1,1
106,Solidarity Uprising,Poland,Europe,"August 14, 1980",14/08/1980,1980,"July 22, 1983",22/07/1983,1983,3,36,1073,0,0,1980-84,616,290,,,POL,1,0,0,0,0,0,0,U,1,0,0,1,0,0,0,0,0,0,0,1,0,0,0,0,0,0,0,1,1,0,1,0,0,0,0,0,10000000,0,1,1,1,1,0,1,0,0,1,0,0,0,104,2.017033,4.644391,52,3,0,0,0,0,1,1
275,Uganda Bush War,Uganda,Sub-Saharan Africa,"February 6, 1981",06/02/1981,1981,"January 25, 1986",25/01/1986,1986,5,60,1815,0,0,1980-84,800,500,,,UGA,1,0,0,0,0,1,0,R,0,0,0,1,0,0,0,0,1,1,0,0,0,1,1,0,0,0,0,0,0,0,0,0,0,0,1,0,16000,0,0,1,0,1,0,0,0,0,0,0,1,1,300000,5.477121,12.611538,60000,6,0,1,3,1,5,0
370,Mujahideen Rebellion,Iran,Middle East/North Africa,"June 20, 1981",20/06/1981,1981,"May 1, 2003",01/05/2003,2003,22,263,7986,0,0,1980-84,364,630,,,IRN,1,0,0,0,1,0,0,UR,0,1,0,0,0,0,0,0,0,0,0,0,0,1,1,0,1,0,0,1,0,0,0,0,0,0,0,0,3000,0,0,1,1,0,0,0,0,0,0,0,0,0,17100,4.232996,9.746834,777.3,5,0,0,0,0,1,0
268,Sikh Separatist Insurgency,Indian-controlled Punjab,Asia,"September 9, 1981",09/09/1981,1981,"August 31, 1995",31/08/1995,1995,14,168,5105,0,0,1980-84,,7512,750,356,,0,0,1,0,0,0,1,U,1,0,0,0,1,0,1,0,0,0,0,0,0,1,1,0,0,0,0,0,0,0,0,0,0,0,0,1,30000,0,0,1,1,1,0,0,0,0,0,0,1,1,20000,4.30103,9.903488,1428.6,5,0,0,1,0,7,0
108,Contra wars,Nicaragua,Latin America/Carribean,April 1982,01/04/1982,1982,"April 1, 1990",01/04/1990,1990,9,97,2923,0,0,1980-84,558,93,,,NIC,1,0,0,0,0,0,0,R,0,0,0,0,0,0,0,0,0,0,1,1,0,1,1,0,0,0,0,0,0,0,0,0,0,0,1,0,23000,0,0,0,0,1,0,0,0,0,0,0,1,1,30000,4.477121,10.308953,3750,5,0,0,2,0,12,1
276,Bolivian Anti-Military Protests,Bolivia,Latin America/Carribean,"September 1, 1982",01/09/1982,1982,"September 17, 1982",17/09/1982,1982,1,1,17,0,0,1980-84,68,145,,,BOL,1,0,0,0,0,0,1,U,1,0,0,1,0,0,0,0,0,0,0,0,0,0,0,0,0,0,0,1,0,0,1,0,0,0,0,0,100000,0,1,0,1,0,0,1,0,1,1,0,0,0,0,0,0,0,1,0,1,3,0,2,1
237,Second Sudanese Civil War,Sudanese-controlled South Sudan,Sub-Saharan Africa,June 1983,01/06/1983,1983,"January 9, 2005",09/01/2005,2005,22,260,7894,0,0,1980-84,,626,625,736,,0,0,1,0,0,0,0,R,0,0,0,0,1,0,1,0,1,0,0,0,0,1,1,0,0,0,0,0,0,0,0,0,0,0,1,0,120000,0,1,1,1,1,0,0,0,0,0,1,1,1,1500000,6.176091,14.220976,68181.8,6,0,1,2,1,7,0
196,Sri Lankan Civil War,Tamil-inhabited northern and eastern Sri Lanka,Asia,"July 23, 1983",23/07/1983,1983,"May 16, 2009",01/03/2009,2009,26,308,9354,0,0,1980-84,,7801,780,144,,0,0,1,0,0,0,0,R,0,1,0,0,1,0,1,0,0,0,0,0,0,1,1,0,0,0,0,0,0,0,0,0,0,1,0,0,30000,0,0,1,1,0,0,0,0,0,0,0,1,1,80000,4.90309,11.289782,3076.9,6,0,0,0,0,4,0
212,PKK Kurdish Rebellion in Turkey,Turkish-controlled Kurdistan,Middle East/North Africa,"August 15, 1984",15/08/1984,1984,"September 1, 1999",01/09/1999,1999,16,181,5496,0,0,1980-84,,6405,640,792,,0,0,1,0,0,0,0,RU,1,1,0,0,1,0,1,0,0,0,0,0,0,1,1,0,0,1,0,1,0,0,0,0,0,0,1,1,17000,0,0,1,1,1,0,0,0,0,0,0,1,1,47500,4.676694,10.768485,2968.8,5,0,0,0,0,10,0
295,New Caledonian Uprising,French-controlled New Caledonia,Pacific Oceania,"November 18, 1984",18/11/1984,1984,"November 6, 1988",06/11/1988,1988,4,48,1450,0,0,1980-84,540,930,220,250,NCL,0,1,0,1,0,0,0,R,0,0,0,0,1,1,0,0,0,0,0,0,0,0,0,0,0,1,0,1,0,0,0,0,0,0,1,0,8000,0,0,0,0,0,0,0,0,0,0,0,1,1,36,1.556303,3.583519,9,2,0,0,1,0,7,0
193,Sudanese 1985 Revolution,Sudan,Sub-Saharan Africa,"March 26, 1985",26/03/1985,1985,"April 6, 1985",06/04/1985,1985,1,1,12,0,0,1985-89,736,625,,,SDN,1,0,0,0,0,0,0,U,1,0,0,1,0,0,0,0,0,0,0,0,0,0,0,0,0,1,0,1,1,0,0,1,0,0,0,1,2000000,0,1,0,1,0,0,1,1,0,0,1,0,0,18,1.255273,2.890372,18,2,0,1,3,0,3,1
207,Haitian Uprising,Haiti,Latin America/Carribean,October 1985,01/10/1985,1985,"Feburary 7, 1986",07/02/1986,1986,1,5,130,0,0,1985-89,332,41,,,HTI,1,0,0,0,0,0,0,U,1,0,0,1,0,0,0,0,0,0,0,0,0,0,0,0,0,1,0,1,1,0,0,1,0,0,0,1,60000,0,1,0,1,0,0,1,1,0,1,1,0,0,103,2.012837,4.634729,103,3,0,1,2,0,9,1
110,People Power Revolution,Philippines,Asia,"February 15, 1986",15/02/1986,1986,"February 25, 1986",25/02/1986,1986,1,1,11,0,0,1985-89,608,840,,,PHL,1,0,0,0,0,1,0,U,1,0,0,1,0,0,0,0,0,0,0,0,0,0,0,0,0,0,0,1,0,0,1,0,0,0,0,0,1500000,0,1,1,1,0,0,1,0,0,1,1,0,1,12,1.079181,2.484907,12,2,0,1,3,0,9,1
209,Somali Revolution,Somalia,Sub-Saharan Africa,"May 23, 1986",23/05/1986,1986,"January 26, 1991",26/01/1991,1991,5,57,1710,0,0,1985-89,706,520,,,SOM,1,0,0,0,1,0,0,RU,1,0,0,0,0,0,0,0,1,0,0,0,1,1,1,0,0,1,0,1,0,0,0,0,0,0,1,1,40000,0,0,0,0,0,0,0,0,0,0,0,1,1,80000,4.90309,11.289782,16000,6,0,1,3,0,9,1
272,Ugandan Holy Spirit Movement,Uganda,Sub-Saharan Africa,August 1986,01/08/1986,1986,November 1987,30/11/1987,1987,2,16,487,0,0,1985-89,800,500,,,UGA,1,0,0,0,0,0,0,R,0,0,0,0,0,0,0,0,1,0,0,0,1,1,1,0,0,0,0,0,0,0,0,0,0,0,1,0,10000,0,1,0,1,1,0,0,0,1,0,1,1,1,10000,4,9.21034,5000,4,0,0,0,0,4,0
194,South Korean June Uprising,South Korea,Asia,"April 13, 1987",13/04/1987,1987,"June 29, 1987",29/06/1987,1987,1,3,78,0,0,1985-89,410,732,,,KOR,1,0,0,0,0,0,1,U,1,0,0,1,0,0,0,0,0,0,0,0,0,0,0,0,0,0,0,1,0,0,1,0,0,0,0,0,1000000,0,1,1,1,0,0,1,0,0,1,0,0,0,1,0,0,1,1,0,1,2,0,7,0
112,1987 JVP Insurrection,Sri Lanka,Asia,June 1987,01/06/1987,1987,November 1989,01/11/1989,1989,3,30,885,0,0,1985-89,144,780,,,LKA,1,0,0,1,0,0,0,U,1,1,0,0,0,0,0,0,0,0,0,0,1,1,1,0,0,0,0,0,1,0,0,0,1,0,0,0,7000,0,0,1,1,1,0,0,1,0,0,0,1,1,56250,4.750122,10.937561,18750,6,0,0,0,0,1,0
190,Panamanian Civic Crusade,Panama,Latin America/Carribean,June 1987,01/06/1987,1987,"November 13, 1987",13/11/1987,1987,1,6,166,0,0,1985-89,591,95,,,PAN,1,0,0,0,0,0,0,U,1,0,0,1,0,0,0,0,0,0,0,0,0,0,0,0,0,0,0,1,1,0,1,0,0,0,0,0,100000,1,1,1,1,0,0,1,0,1,1,0,0,0,2,0.30103,0.693147,2,1,0,0,0,0,1,1
280,1987 Tibetan Uprising,Chinese-controlled Tibet,Asia,"September 27, 1987",27/09/1987,1987,"March 8, 1989",08/03/1989,1989,2,18,529,0,0,1985-89,,7910,710,156,,0,0,1,1,0,0,1,U,1,0,0,0,1,0,1,0,0,0,0,1,0,0,0,0,0,1,0,1,0,0,0,0,0,0,0,1,10000,0,0,0,0,0,0,0,0,0,1,0,1,1,600,2.778151,6.39693,300,3,0,0,0,0,1,0
111,First Intifada,Israeli-occupied West Bank and Gaza,Middle East/North Africa,"December 8, 1987",08/12/1987,1987,"September 13, 1993",13/09/1993,1993,6,70,2107,0,0,1985-89,,665,666,376,,0,0,1,1,0,0,0,U,1,0,0,0,1,0,1,0,0,0,0,0,0,0,0,0,0,1,0,0,1,1,0,0,0,0,0,1,150000,1,1,1,1,1,0,1,0,0,0,0,1,1,2322,3.365862,7.750184,387,4,0,0,1,0,7,0
371,Bodo Insurgency,Indian-controlled Bodoland,Asia,January 1988,01/01/1988,1988,"October 30, 2003",30/10/2003,2003,16,190,5782,0,0,1985-89,,7508,750,356,,0,0,1,0,0,0,0,R,0,0,0,0,1,0,1,0,0,0,0,0,0,1,1,0,0,0,0,0,0,0,0,0,0,0,1,0,3500,0,0,0,1,1,0,0,0,0,0,0,1,1,1742,3.241048,7.462789,108.9,4,0,0,1,0,7,0
114,8888 Uprising,Myanmar,Asia,"March 12, 1988",12/03/1988,1988,"September 21, 1988",21/09/1988,1988,1,7,194,0,0,1985-89,104,775,,,MMR,1,0,0,0,0,0,0,U,1,0,0,1,0,0,0,0,0,0,0,0,0,0,0,0,0,0,0,1,1,0,1,0,0,0,0,0,2000000,0,1,1,1,1,0,1,0,0,1,0,0,0,6500,3.812913,8.779557,6500,4,0,0,0,0,1,1
374,Lord's Resistance Army Insurgency,Uganda,Sub-Saharan Africa,June 1988,01/06/1988,1988,Ongoing,,,27,320,9710,1,0,1985-89,800,500,,,UGA,1,0,0,1,0,0,0,R,0,0,0,0,0,0,0,0,1,0,0,0,0,1,1,0,0,0,0,0,0,0,0,0,0,0,1,0,4000,0,0,0,1,1,0,0,0,0,0,1,1,1,65000,4.812914,11.082143,2407.4,6,1,0,0,0,13,
113,Estonian Singing Revolution,Soviet-controlled Estonia,Europe,"June 10, 1988",10/06/1988,1988,"September 7, 1991",07/09/1991,1991,4,39,1185,0,0,1985-89,233,366,365,643,EST,0,0,1,1,1,0,1,U,1,0,0,1,1,0,1,0,0,0,0,1,0,0,0,0,0,0,0,1,0,0,1,0,0,0,0,0,300000,0,1,1,1,1,0,1,0,0,1,0,1,1,0,0,0,0,1,0,1,3,0,8,0
115,Lithuanian National Revolution,Soviet-controlled Lithuania,Europe,"June 14, 1988",14/06/1988,1988,"September 7, 1991",07/09/1991,1991,4,39,1181,0,0,1985-89,440,368,365,643,LTU,0,0,1,1,1,0,1,U,1,0,0,1,1,0,1,0,0,0,0,1,0,0,0,0,0,0,0,1,0,0,1,0,0,0,0,0,1000000,0,1,1,1,1,0,1,0,0,1,0,1,1,15,1.176091,2.70805,3.8,2,0,1,3,0,8,0
116,Latvian Singing Revolution,Soviet-controlled Latvia,Europe,"June 21, 1988",21/06/1988,1988,"September 7, 1991",07/09/1991,1991,4,39,1174,0,0,1985-89,428,367,365,643,LVA,0,0,1,1,1,0,1,U,1,0,0,1,1,0,1,0,0,0,0,1,0,0,0,0,0,0,0,1,0,0,1,0,0,0,0,0,600000,0,1,1,1,1,0,1,0,0,1,0,1,1,7,0.845098,1.94591,1.8,1,0,1,3,0,8,0
227,Papua New Guinean Civil War,Papua New Guinea-controlled Bougainville,Pacific Oceania,November 1988,01/11/1988,1988,"May 3, 2001",03/05/2001,2001,13,151,4567,0,0,1985-89,,9101,910,598,,0,0,1,0,0,0,0,R,0,0,0,0,1,0,1,0,0,0,0,0,0,1,1,0,0,0,0,1,0,0,0,0,0,0,1,0,20000,0,0,0,1,1,0,1,0,0,0,0,1,1,15000,4.176091,9.615805,1153.8,5,0,0,1,0,7,0
354,Georgian National Revolution,Soviet-controlled Georgia,Europe,"November  12, 1988",12/11/1988,1988,"August 22, 1991",22/08/1991,1991,3,34,1014,0,0,1985-89,268,372,365,643,GEO,0,0,1,1,1,0,1,U,1,0,0,0,1,0,1,0,0,0,0,1,0,0,0,0,0,1,0,1,0,0,0,0,0,0,0,1,500000,0,1,1,1,0,0,1,0,0,1,0,1,1,19,1.278754,2.944439,6.3,2,0,1,2,0,8,1
119,Tiananmen Protests,China,Asia,"April 15, 1989",15/04/1989,1989,"June 7, 1989",07/06/1989,1989,1,2,54,0,0,1985-89,156,710,,,CHN,1,0,0,0,0,0,1,U,1,0,0,1,0,0,0,0,0,0,0,1,0,0,0,0,0,0,0,1,0,0,1,0,0,0,0,0,1000000,0,0,1,1,0,0,1,0,0,0,0,0,0,2500,3.39794,7.824046,2500,4,0,0,0,0,1,0
117,East German Revolution,East Germany,Europe,"September 4, 1989",04/09/1989,1989,"December 9, 1989",09/12/1989,1989,1,4,97,0,0,1985-89,278,265,,,DDR,1,0,0,0,0,0,1,U,1,0,0,1,0,0,0,0,0,0,0,1,1,0,0,0,0,0,0,1,0,0,1,0,0,0,0,0,1000000,0,1,1,1,0,0,1,0,0,1,0,0,0,0,0,0,0,1,0,1,3,0,2,1
121,Bulgarian Revolution of 1989,Bulgaria,Europe,"October 16, 1989",16/10/1989,1989,"January 15, 1990",15/01/1990,1990,1,4,92,0,0,1985-89,100,355,,,BGR,1,0,0,0,0,0,1,U,1,0,0,1,0,0,0,0,0,0,0,1,0,0,0,0,0,0,0,1,1,0,1,0,0,0,0,0,100000,0,1,1,1,0,0,1,0,0,0,0,0,0,0,0,0,0,1,0,1,2,0,7,0
120,Velvet revolution,Czechoslovakia,Europe,"November 17, 1989",17/11/1989,1989,"December 10, 1989",10/12/1989,1989,1,1,24,0,0,1985-89,200,315,,,CSK,1,0,0,0,0,0,1,U,1,0,0,1,0,0,0,0,0,0,0,1,0,0,0,0,0,0,0,1,1,0,1,0,0,0,0,0,800000,0,1,1,1,1,0,1,0,0,1,0,0,0,0,0,0,0,1,0,1,3,0,2,0
183,Beninese revolution,Benin,Sub-Saharan Africa,"December 2, 1989",02/12/1989,1989,"February 28, 1990",28/02/1990,1990,1,3,89,0,0,1985-89,204,434,,,BEN,1,0,0,0,0,0,1,U,1,0,0,1,0,0,0,0,0,0,0,1,0,0,0,0,0,0,0,1,1,0,1,0,0,0,0,0,72000,1,1,1,1,0,0,0,0,0,0,0,0,0,6,0.778151,1.791759,6,1,0,1,2,0,2,0
269,1990 Mongolian Revolution,Mongolia,Asia,"December 10, 1989",10/12/1989,1989,"May 10, 1990",10/05/1990,1990,1,5,152,0,0,1985-89,496,712,,,MNG,1,0,0,0,0,0,1,U,1,0,0,1,0,0,0,0,0,0,0,1,0,0,0,0,0,0,0,1,0,0,1,0,0,0,0,0,40000,0,1,1,1,0,0,1,0,0,1,0,0,0,1,0,0,1,1,0,0,1,0,7,1
118,Romanian Revolution,Romania,Europe,"December 15, 1989",15/12/1989,1989,"December 27, 1989",27/12/1989,1989,1,1,13,0,0,1985-89,642,360,,,ROM,1,0,0,0,0,0,1,U,1,0,0,1,0,0,0,0,0,0,0,1,0,1,0,1,1,0,0,1,1,0,0,0,0,0,0,1,100000,0,1,1,1,0,0,1,0,0,1,1,1,1,1104,3.042969,7.006695,1104,4,0,1,3,0,15,0
197,First Liberian Civil War,Liberia,Sub-Saharan Africa,"December 24, 1989",24/12/1989,1989,"August 17, 1996",17/08/1996,1996,7,80,2429,0,0,1985-89,430,450,,,LBR,1,0,0,0,0,0,0,R,0,0,0,0,0,0,0,0,1,1,0,0,0,1,1,0,0,0,0,0,0,0,0,0,0,0,1,0,25000,0,0,0,1,0,0,0,0,0,0,0,1,1,200000,5.30103,12.206073,28571.4,6,0,1,2,1,12,1
123,Second Naxalite Rebellion,India,Asia,1990,01/01/1990,1990,Ongoing,,,25,300,9131,1,0,1990-94,356,750,,,IND,1,0,0,0,0,0,0,R,0,1,0,0,0,0,0,0,0,0,0,0,0,1,1,0,0,0,1,0,0,0,0,0,0,1,0,0,100000,0,0,1,0,1,0,0,0,0,0,0,1,1,8600,3.934498,9.059517,373.9,4,1,0,0,0,13,
322,Black January in Baku,Soviet-controlled Azerbaijan,Europe,"January 10, 1990",10/01/1990,1990,"January 22, 1990",22/01/1990,1990,1,1,13,0,0,1990-94,31,373,365,643,AZE,0,0,1,0,0,0,1,U,1,0,0,0,1,0,1,0,0,0,0,1,0,1,0,1,1,1,0,1,0,0,0,0,0,0,0,1,200000,0,1,1,1,0,0,1,0,0,0,0,1,1,282,2.450249,5.641907,282,3,0,0,0,0,1,1
218,Nepalese People's Movement,Nepal,Asia,"February 18, 1990",18/02/1990,1990,"April 18, 1990",18/04/1990,1990,1,2,60,0,0,1990-94,524,790,,,NPL,1,0,0,0,0,0,0,U,1,0,1,0,0,0,0,0,0,0,0,0,0,0,0,0,0,1,0,1,0,0,1,0,0,0,0,0,200000,0,1,1,1,1,0,0,0,0,0,0,0,1,37,1.568202,3.610918,37,2,0,1,2,0,7,1
357,Baren Uprising,Chinese-controlled Xinjiang,Asia,"April 5, 1990",05/04/1990,1990,"April 10, 1990",10/04/1990,1990,1,1,6,0,0,1990-94,,7114,710,156,,0,0,1,0,0,0,0,R,0,0,0,0,1,0,1,1,0,0,0,1,0,1,0,1,0,0,0,1,0,0,0,0,0,0,1,0,3000,0,0,0,0,1,0,0,0,0,1,0,1,1,1725,3.236789,7.452982,1725,4,0,0,0,0,1,1
369,Assam Rebellion,Indian-controlled Assam,Asia,May 1990,01/05/1990,1990,Ongoing,,,25,297,9011,1,0,1990-94,,7572,750,356,,0,0,1,0,0,0,0,R,0,1,0,0,1,0,1,0,0,0,0,0,0,1,1,0,0,0,0,0,0,0,0,0,0,1,0,0,3000,0,1,0,1,1,0,0,0,0,0,0,1,1,19333,4.286299,9.869569,773.3,5,1,0,0,0,13,
372,Second Tuareg Rebellion in Mali,Tuareg-inhabited regions of Mali,Sub-Saharan Africa,May 1990,01/05/1990,1990,"March 27, 1996",27/03/1996,1996,6,71,2158,0,0,1990-94,,4321,432,466,,0,0,1,0,0,0,0,R,0,0,0,0,1,0,1,0,0,0,0,0,0,1,1,0,0,0,0,0,0,0,0,0,0,0,1,0,3000,0,0,0,0,1,0,0,0,0,0,0,1,1,309,2.489958,5.733341,51.5,3,0,0,1,1,7,0
373,Nigerien Civil War,Tuareg-inhabited reigons of Niger,Sub-Saharan Africa,"May 6, 1990",06/05/1990,1990,"April 24, 1995",24/04/1995,1995,5,60,1815,0,0,1990-94,,4363,436,562,,0,0,1,0,0,0,1,R,0,0,0,0,1,0,1,0,0,0,0,0,0,1,1,0,0,0,0,0,0,0,0,0,0,0,1,0,3000,0,0,0,0,1,0,0,0,0,0,0,1,1,662,2.820858,6.495266,132.4,3,0,0,1,1,7,1
186,Kosovo War for Independence,Serbian-controlled Kosovo,Europe,"September 7, 1990",07/09/1990,1990,"June 4, 1999",04/06/1999,1999,9,105,3193,0,0,1990-94,,347,345,890,,0,0,1,0,0,0,0,UR,1,0,0,0,1,0,1,0,0,0,0,1,0,1,1,0,0,1,0,0,0,1,0,0,0,0,1,1,400000,0,1,1,1,0,0,1,0,0,0,0,1,1,13362,4.125871,9.50017,1484.7,5,0,1,3,0,6,0
122,Rwandan civil war,Rwanda,Sub-Saharan Africa,"October 1, 1990",01/10/1990,1990,"July 18, 1994",18/07/1994,1994,4,46,1387,0,0,1990-94,646,517,,,RWA,1,0,0,0,0,0,0,R,0,0,0,0,0,0,0,0,1,0,0,0,0,1,1,0,0,0,0,0,0,0,0,0,0,0,1,0,20000,0,0,0,0,0,0,0,0,0,0,0,1,1,766667,5.884607,13.549808,191666.8,6,0,1,3,0,5,0
271,1990 Revolution in Bangladesh,Bangladesh,Asia,"October 8, 1990",08/10/1990,1990,"December 6, 1990",06/12/1990,1990,1,2,60,0,0,1990-94,50,771,,,BGD,1,0,0,0,0,0,0,U,1,0,0,1,0,0,0,0,0,0,0,0,0,0,0,0,0,0,0,1,1,0,1,0,0,0,0,0,100000,0,1,1,1,0,0,1,0,0,0,0,0,0,3,0.477121,1.098612,3,1,0,1,3,0,2,1
392,Third Chadian civil war,Chad,Sub-Saharan Africa,"November 10, 1990",10/11/1990,1990,January 1996,15/01/1996,1996,6,63,1893,0,0,1990-94,148,483,,,TCD,1,0,0,0,0,0,0,R,0,0,0,0,0,0,0,0,1,0,0,0,0,1,1,0,0,0,0,0,0,0,0,0,0,0,1,0,2000,0,0,0,0,0,0,0,0,0,0,0,1,1,2575,3.410777,7.853605,429.2,4,0,1,2,0,7,0
195,Togo 1991 Revolution,Togo,Sub-Saharan Africa,March 1991,01/03/1991,1991,"January 25, 1993",25/01/1993,1991,2,23,697,0,0,1990-94,768,461,,,TGO,1,0,0,0,0,0,1,U,1,0,0,1,0,0,0,0,1,0,0,0,0,1,1,0,0,1,0,0,1,0,1,0,0,0,0,0,30000,0,1,1,1,0,0,1,0,0,0,0,1,1,196,2.292256,5.278115,98,3,0,0,1,0,7,0
216,1991 Uprisings in Iraq,Iraq,Middle East/North Africa,"March 1, 1991",01/03/1991,1991,"April 5, 1991",05/04/1991,1991,1,2,36,0,0,1990-94,368,645,,,IRQ,1,0,0,0,1,0,0,UR,1,0,0,0,0,0,0,0,1,0,0,0,0,1,0,1,0,0,0,1,0,0,0,0,0,0,1,1,65000,0,0,0,0,0,0,0,0,0,0,1,1,1,30000,4.477121,10.308953,30000,5,0,0,0,0,1,1
188,March 1991 Revolution in Mali,Mali,Sub-Saharan Africa,"March 17, 1991",17/03/1991,1991,"March 26, 1991",26/03/1991,1991,1,1,10,0,0,1990-94,466,432,,,MLI,1,0,0,0,0,0,0,U,1,0,0,1,0,0,0,0,0,0,0,0,0,0,0,0,0,0,0,1,1,0,1,1,0,0,0,0,100000,0,1,1,1,0,0,1,0,0,0,0,0,0,232,2.365488,5.446737,232,3,0,1,3,0,3,1
126,Sierra Leonean Civil War,Sierra Leone,Sub-Saharan Africa,"March 23, 1991",23/03/1991,1991,"January 18, 2002",18/01/2002,2002,11,130,3955,0,0,1990-94,694,451,,,SLE,1,0,0,0,0,0,0,R,0,0,0,0,0,0,0,0,0,1,0,0,1,1,1,0,0,0,0,0,0,0,0,0,0,0,1,0,20000,0,0,0,1,0,0,0,0,0,0,0,0,1,62500,4.79588,11.042922,5681.8,6,0,0,1,1,6,0
296,Albanian Anti-Communist Protests,Albania,Europe,"May 16, 1991",16/05/1991,1991,"June 8, 1991",08/06/1991,1991,1,1,24,0,0,1990-94,8,339,,,ALB,1,0,0,0,0,1,1,U,1,0,0,1,0,0,0,0,0,0,0,1,0,0,0,0,0,0,0,1,1,0,1,0,0,0,0,0,200000,0,1,1,0,0,0,1,0,0,0,0,0,0,4,0.60206,1.386294,4,1,0,1,2,0,2,0
246,1991 Madagascar Revolution,Madagascar,Sub-Saharan Africa,"June 10, 1991",10/06/1991,1991,"October 31, 1991",31/10/1991,1991,1,5,144,0,0,1990-94,450,580,,,MDG,1,0,0,0,0,0,1,U,1,0,0,1,0,0,0,0,0,0,0,0,0,0,0,0,0,0,0,1,1,0,1,0,0,0,0,0,400000,0,1,1,1,0,0,1,0,0,1,0,0,1,80,1.90309,4.382027,80,2,0,1,2,0,7,1
124,Russian revolution of 1991,Soviet Union,Europe,"August 19, 1991",19/08/1991,1991,"December 10, 1991",10/12/1991,1991,1,4,114,0,0,1990-94,643,365,,,RUS,1,0,0,0,1,0,1,U,1,0,0,1,1,0,1,0,0,0,0,1,0,0,0,0,0,0,0,1,0,0,1,0,0,0,0,0,300000,0,1,1,0,0,0,0,0,0,0,0,0,0,3,0.477121,1.098612,3,1,0,1,3,0,8,1
228,Chechen Revolution,Russian-controlled Chechnya,Europe,"August 22, 1991",22/08/1991,1991,"November 10, 1991",10/11/1991,1991,1,3,81,0,0,1990-94,,374,365,643,,0,0,1,0,0,0,1,U,1,0,0,0,1,0,1,0,0,0,0,1,0,1,0,1,1,0,0,1,0,0,0,0,0,0,0,1,50000,0,0,1,1,0,0,1,0,0,0,0,1,1,0,0,0,0,1,0,1,3,0,9,1
225,Georgian Civil War 1991-93,Georgia,Europe,"September 2, 1991",02/09/1991,1991,"December 31, 1993",31/12/1993,1993,3,28,852,0,0,1990-94,268,372,,,GEO,1,0,0,0,0,0,0,U,1,0,0,1,0,0,0,0,0,1,0,0,1,1,1,0,1,0,0,1,0,0,0,0,0,0,0,1,50000,0,0,1,1,0,0,0,0,0,0,0,1,1,12250,4.088136,9.413281,4083.3,5,0,1,3,0,5,1
125,Algerian Civil War,Algeria,Middle East/North Africa,"March 4, 1992",04/03/1992,1992,"February 8, 2002",08/02/2002,2002,10,120,3629,0,0,1990-94,12,615,,,DZA,1,0,0,0,0,0,1,RU,0,0,0,0,0,0,0,1,0,0,0,0,0,1,1,0,0,0,0,0,0,0,0,0,0,0,1,0,40000,0,0,0,1,1,0,0,0,0,0,0,0,1,123500,5.091667,11.723996,12350,6,0,0,0,0,1,0
347,Oromo Rebellion,Ethiopia,Sub-Saharan Africa,March 1992,15/03/1992,1992,Ongoing,,,23,274,8327,1,0,1990-94,,5312,530,231,,0,0,1,0,0,0,0,R,0,0,0,0,1,0,1,0,0,1,0,0,0,1,1,0,0,0,0,0,0,0,0,0,0,0,1,0,10000,0,0,0,0,0,0,0,0,0,0,0,1,1,4267,3.630123,8.358666,203.2,4,1,0,0,0,13,
208,Tajikistan Civil War,Tajikistan,Asia,"March  22, 1992",22/03/1992,1992,"June 27, 1997",27/06/1997,1997,6,64,1924,0,0,1990-94,762,702,,,TJK,1,0,0,0,0,0,1,UR,1,0,0,0,0,0,0,1,1,1,0,0,1,1,1,0,1,0,0,1,0,0,0,0,0,0,1,1,200000,0,0,0,0,1,0,0,0,0,0,0,1,1,75000,4.875061,11.225243,12500,6,0,0,1,1,7,0
127,Black May in Thailand,Thailand,Asia,"April 7, 1992",07/04/1992,1992,"May 20, 1992",24/05/1992,1992,1,2,48,0,0,1990-94,764,800,,,THA,1,0,0,0,0,0,0,U,1,0,0,1,0,0,0,0,0,0,0,0,0,0,0,0,0,1,0,1,0,0,1,0,0,0,0,0,200000,0,1,1,1,0,0,1,0,1,0,0,0,1,99,1.995635,4.59512,99,2,0,1,1,0,7,1
345,Russian constitutional crisis of 1993,Russian Federation,Europe,"September 21, 1993",21/09/1993,1993,"October 4, 1993",04/10/1993,1993,1,1,14,0,0,1990-94,643,365,,,RUS,1,0,0,0,0,0,1,U,1,0,0,0,0,0,0,0,0,1,0,0,1,1,0,1,1,0,0,1,0,0,0,0,1,0,0,0,15000,0,0,1,0,0,0,1,0,0,0,0,0,0,187,2.271842,5.231109,187,3,0,0,0,0,1,1
128,Second Burundi Civil War,Burundi,Sub-Saharan Africa,"October 21, 1993",21/10/1993,1993,"July 4, 2005",04/07/2005,2005,12,141,4275,0,0,1990-94,108,516,,,BDI,1,0,0,0,0,0,1,R,0,0,0,0,0,0,0,0,1,0,0,0,0,1,1,0,0,0,0,0,0,0,0,0,0,0,1,0,25000,0,0,0,0,1,0,0,0,0,0,0,1,1,250000,5.39794,12.429216,20833.3,6,0,1,2,1,7,0
130,Taliban Revolution,Afghanistan,Asia,"January 1, 1994",01/01/1994,1994,"September 27, 1996",27/09/1996,1996,3,33,1001,0,0,1990-94,4,700,,,AFG,1,0,0,0,1,0,0,R,0,0,0,0,0,0,0,1,0,0,0,0,0,1,1,0,0,0,0,0,0,0,0,0,0,0,1,0,15000,0,0,0,1,1,0,0,0,0,1,0,1,1,50000,4.69897,10.819778,16666.7,5,0,1,3,0,5,1
355,Chiapas Rebellion,Mexico,Latin America/Carribean,"January 1, 1994",01/01/1994,1994,"January 17, 1994",17/01/1994,1994,1,1,17,0,0,1990-94,484,70,,,MEX,1,0,0,0,0,0,0,RU,0,1,0,0,0,0,0,0,0,0,0,0,0,1,0,1,0,0,0,1,0,0,0,0,0,1,0,0,2000,0,0,1,0,1,0,0,0,0,0,0,1,1,400,2.60206,5.991465,400,3,0,0,0,0,10,1
323,1994 Bahrain Uprising,Bahrain,Middle East/North Africa,June 1994,01/06/1994,1994,"December 23, 2000",23/12/2000,2000,7,79,2398,0,0,1990-94,48,692,,,BHR,1,0,0,0,0,0,0,UR,1,0,1,0,0,0,0,0,1,0,0,0,0,1,0,1,0,1,0,1,0,0,1,0,0,0,1,0,80000,0,1,1,0,1,0,1,0,0,1,0,1,1,40,1.60206,3.688879,5.7,2,0,1,2,0,7,0
243,First Chechen War,Russian-controlled Chechnya,Europe,"December 11, 1994",11/12/1994,1994,"August 31, 1996",31/08/1996,1996,2,21,630,0,0,1990-94,,374,365,643,,0,0,1,0,0,0,0,R,0,0,0,0,1,0,1,0,0,0,0,0,0,1,1,0,0,0,0,0,0,0,0,0,0,0,1,0,30000,0,0,0,0,0,0,0,0,0,0,0,1,1,76667,4.884609,11.247227,38333.5,6,0,1,3,0,5,1
324,1995 Yining/Ghulja Disturbances ,Chinese-controlled Xinjiang,Asia,"April 22, 1995",22/04/1995,1995,"April 26, 1995",26/04/1995,1995,1,1,5,0,0,1995-99,,7114,710,156,,0,0,1,0,0,0,0,U,1,0,0,0,1,0,1,0,0,0,0,1,0,1,0,1,0,0,0,1,1,0,0,0,0,0,0,1,100000,1,1,0,0,0,0,1,0,0,0,0,1,1,200,2.30103,5.298317,200,3,0,0,0,0,1,0
131,Nepalese civil war,Nepal,Asia,"February 13, 1996",13/02/1996,1996,"November 21, 2006",21/11/2006,2006,11,130,3935,0,0,1995-99,524,790,,,NPL,1,0,0,0,0,0,0,R,0,1,1,0,0,0,0,0,0,0,0,0,0,1,1,0,0,0,1,0,0,0,0,0,0,1,0,0,12000,0,0,0,0,1,0,0,0,0,0,0,0,1,15200,4.181844,9.629051,1381.8,5,0,0,2,1,7,0
132,Congo Civil War,Zaire,Sub-Saharan Africa,December 1996,01/12/1996,1996,"May 16, 1997",16/05/1997,1997,1,6,167,0,0,1995-99,180,490,,,ZAR,1,0,0,0,0,0,0,R,0,0,0,0,0,0,0,0,1,1,0,0,0,1,1,0,0,0,0,0,0,0,0,0,0,0,1,0,57000,0,0,0,0,1,0,0,0,0,0,0,1,1,370000,5.568202,12.821258,370000,6,0,1,3,0,5,1
297,Albanian pyramid scheme revolt,Albania,Europe,"January 16, 1997",16/01/1997,1997,"April 15, 1997",15/04/1997,1997,1,3,90,0,0,1995-99,8,339,,,ALB,1,0,0,0,0,1,0,U,1,0,0,0,0,0,0,0,1,1,0,0,1,1,1,0,0,1,0,1,0,0,0,0,0,0,0,1,,0,0,0,1,0,0,0,0,0,0,0,1,1,2000,3.30103,7.600902,2000,4,0,0,2,0,6,0
267,Republic of Congo Civil War,Republic of Congo,Sub-Saharan Africa,"June 5, 1997",05/06/1997,1997,December 1999,31/12/1999,1999,3,31,940,0,0,1995-99,178,484,,,COG,1,0,0,0,0,1,0,R,0,0,0,0,0,0,0,0,1,1,0,0,0,1,1,0,0,0,0,0,0,0,0,1,0,0,1,0,16000,0,0,0,1,1,0,0,0,0,0,0,1,1,13929,4.14392,9.541728,4643,5,0,1,3,0,7,0
133,Indonesian Revolution,Indonesia,Asia,"February 19, 1998",19/02/1998,1998,"May  21, 1998",21/05/1998,1998,1,4,92,0,0,1995-99,360,850,,,IDN,1,0,0,0,1,1,0,U,1,0,0,1,0,0,0,0,0,0,0,0,0,0,0,0,0,1,0,1,0,0,1,0,0,0,0,0,500000,0,1,1,1,0,0,1,0,0,1,0,0,0,2629,3.419791,7.874359,2629,4,0,1,3,0,2,0
334,1999 Shia Uprising in Iraq,Iraq,Middle East/North Africa,"February 18, 1999",18/02/1999,1999,"April 24, 1999",24/04/1999,1999,1,3,66,0,0,1995-99,368,645,,,IRQ,1,0,0,0,0,0,0,U,1,0,0,0,0,0,0,1,1,0,0,0,0,1,0,1,0,1,0,0,0,0,0,0,0,0,0,1,,0,0,0,0,0,0,0,1,0,1,0,1,1,240,2.380211,5.480639,240,3,0,0,0,0,1,1
200,Second Liberian Civil War,Liberia,Sub-Saharan Africa,April 1999,01/04/1999,1999,"August 18, 2003",18/08/2003,2003,5,53,1601,0,0,1995-99,430,450,,,LBR,1,0,0,0,0,0,0,R,0,0,0,0,0,0,0,0,1,1,0,0,0,1,1,0,0,0,0,0,0,0,0,0,0,0,1,0,6500,0,0,0,0,0,0,0,0,0,0,0,1,1,225000,5.352183,12.323856,45000,6,0,1,2,0,6,1
244,Second Chechen War,Russian-controlled Chechnya,Europe,"August 26, 1999",26/08/1999,1999,"April 16, 2009",16/04/2009,2009,10,116,3522,0,0,1995-99,,374,365,643,,0,0,1,0,0,0,0,R,0,0,0,0,1,0,1,1,0,0,0,0,0,1,1,0,0,0,0,0,0,0,0,0,0,0,1,0,22000,0,0,0,0,0,0,0,0,0,0,0,1,1,64402,4.808899,11.0729,6440.2,6,0,0,0,0,4,0
134,Bulldozer Revolution,Serbia,Europe,"February 17, 2000",17/02/2000,2000,"October 7, 2000",07/10/2000,2000,1,8,234,0,0,2000-04,890,345,,,YUG,1,0,0,0,1,1,0,U,1,0,0,1,0,0,0,0,0,0,0,1,0,0,0,0,0,0,0,1,1,0,1,0,0,0,0,0,200000,0,1,1,1,0,0,1,0,0,0,0,0,0,2,0.30103,0.693147,2,1,0,1,3,0,2,0
135,Second Intifada,Israeli-occupied West Bank and Gaza,Middle East/North Africa,"September 28, 2000",28/09/2000,2000,"February 8, 2005",08/02/2005,2005,5,53,1595,0,0,2000-04,,665,666,376,,0,0,1,1,0,0,0,U,1,0,0,0,1,0,1,0,0,0,0,0,0,0,0,0,0,1,0,0,1,0,0,0,0,0,0,1,,0,0,0,1,0,0,0,0,0,0,0,1,1,5033,3.701827,8.523772,1006.6,4,0,0,1,0,10,0
137,EDSA 2 Revolution,Philippines,Asia,"January 17, 2001",17/01/2001,2001,"January 20, 2001",20/01/2001,2001,1,1,4,0,0,2000-04,608,840,,,PHL,1,0,0,0,0,0,0,U,1,0,0,0,0,0,0,0,0,1,0,0,1,0,0,0,0,0,0,1,0,0,1,0,0,0,0,0,300000,0,1,1,1,0,0,0,0,1,1,1,0,1,0,0,0,0,1,0,1,3,0,2,0
138,EDSA 3,Philippines,Asia,"April 30, 2001",30/04/2001,2001,"May 7, 2001",07/05/2001,2001,1,1,8,0,0,2000-04,608,840,,,PHL,1,0,0,0,0,0,0,U,1,0,0,0,0,0,0,0,0,1,0,0,0,0,0,0,0,1,0,1,0,0,0,0,0,0,0,1,300000,0,0,0,0,0,0,0,1,0,0,0,0,1,4,0.60206,1.386294,4,1,0,0,0,0,1,0
325,December 2001 Uprising in Argentina,Argentina,Latin America/Carribean,"December 16, 2001",16/12/2001,2001,"January 1, 2002",01/01/2002,2002,1,1,17,0,0,2000-04,32,160,,,ARG,1,0,0,0,0,0,0,U,1,0,0,0,0,0,0,0,0,0,0,0,1,0,0,0,0,1,0,1,0,0,0,0,0,0,0,1,1000000,0,1,0,0,0,0,0,1,0,0,0,0,0,22,1.342422,3.091042,22,2,0,1,2,0,2,0
139,Madagascar electoral revolution,Madagascar,Sub-Saharan Africa,"January 28, 2002",28/01/2002,2002,"July 5, 2002",02/07/2002,2002,1,6,156,0,0,2000-04,450,580,,,MDG,1,0,0,0,0,1,0,U,1,0,0,1,0,0,0,0,1,1,0,0,0,0,0,0,0,0,0,1,1,0,1,0,0,0,0,0,500000,1,1,0,0,0,0,1,0,1,0,0,1,1,48,1.681241,3.871201,48,2,0,1,3,0,9,1
140,2002 Anti-Chavez Revolt,Venezuela,Latin America/Carribean,"April 5, 2002",05/04/2002,2002,"April 13, 2002",13/04/2002,2002,1,1,9,0,0,2000-04,862,101,,,VEN,1,0,0,0,0,0,0,U,1,0,0,0,0,0,0,0,0,0,1,1,1,0,0,0,0,0,0,1,1,0,1,1,0,0,0,0,200000,0,1,0,0,0,1,0,0,1,0,1,0,0,20,1.30103,2.995732,20,2,0,0,0,0,1,0
220,First Ivoirian Civil War,Ivory Coast,Sub-Saharan Africa,"September 19, 2002",19/09/2002,2002,"March 4, 2007",04/03/2007,2007,5,54,1628,0,0,2000-04,384,437,,,CIV,1,0,0,0,0,1,0,R,0,0,0,0,0,0,0,0,1,1,0,0,0,1,1,0,0,0,0,0,0,0,0,1,0,0,1,0,16000,0,0,0,1,1,0,0,0,0,0,1,1,1,2407,3.381476,7.786136,481.4,4,0,0,1,0,7,1
142,Rose Revolution,Georgia,Europe,"November 3, 2003",02/11/2003,2003,"November 23, 2003",23/11/2003,2003,1,1,22,0,0,2000-04,268,372,,,GEO,1,0,0,0,0,1,0,U,1,0,0,1,0,0,0,0,0,0,0,0,0,0,0,0,0,0,0,1,0,0,1,0,0,0,0,0,100000,0,1,1,1,0,0,0,0,1,0,0,0,1,0,0,0,0,1,0,1,3,0,2,0
326,Patani Revolt,Thailand-controlled Patani,Asia,"April 28, 2004",28/04/2004,2004,Ongoing,,,11,129,3900,1,0,2000-04,,8002,800,764,,0,0,1,0,0,0,0,R,0,0,0,0,1,0,1,1,0,0,0,0,0,1,1,0,0,0,0,0,0,0,0,0,0,0,1,0,9000,1,0,0,0,1,0,0,0,0,1,0,1,1,5352,3.728516,8.585226,594.7,4,1,0,0,0,13,
222,Second PKK Kurdish-Turkish Rebellion,Turkish-controlled Kurdistan,Middle East/North Africa,"June 1, 2004",01/06/2004,2004,Ongoing,,,11,128,3866,1,0,2000-04,,6405,640,792,,0,0,1,0,0,0,1,R,0,0,0,0,1,0,1,0,0,0,0,0,0,1,1,0,0,0,0,0,0,0,0,0,0,0,1,0,15000,0,0,1,1,1,0,0,0,0,0,0,1,1,3458,3.538825,8.148446,,4,1,0,0,0,13,
331,Black Friday in Maldives,Maldives,Asia,"August 12, 2004",12/08/2004,2004,"August 13, 2004",13/08/2004,2004,1,1,2,0,0,2000-04,462,781,,,MDV,1,0,0,0,0,0,1,U,1,0,0,1,0,0,0,0,0,0,0,0,0,0,0,0,0,0,0,1,0,0,1,0,0,0,0,0,10000,0,1,1,0,0,0,0,0,0,0,0,0,0,0,0,0,0,1,0,0,0,0,1,1
143,Orange Revolution,Ukraine,Europe,"November 22, 2004",22/11/2004,2004,"December 8, 2004",08/12/2004,2004,1,1,17,0,0,2000-04,804,369,,,UKR,1,0,0,0,0,1,0,U,1,0,0,1,0,0,0,0,0,0,0,0,0,0,0,0,0,0,0,1,0,0,1,0,0,0,0,0,1000000,0,1,1,1,0,0,1,0,1,0,0,0,1,0,0,0,0,1,0,1,3,0,12,1
144,Tulip Revolution,Kyrgyzstan,Asia,March 15 2005,15/03/2005,2005,"April 3, 2005",03/04/2005,2005,1,1,20,0,0,2005-09,417,703,,,KGZ,1,0,0,0,0,1,0,U,1,0,0,1,0,0,0,0,1,1,0,0,1,0,0,0,0,1,0,1,0,0,0,0,0,0,0,1,20000,1,0,0,1,0,1,0,0,0,0,0,0,1,3,0.477121,1.098612,3,1,0,1,3,0,9,1
145,Azerbaijan color revolution attempt,Azerbaijan,Europe,"November 1, 2005",01/11/2005,2005,"November 26, 2005",26/11/2005,2005,1,1,26,0,0,2005-09,31,373,,,AZE,1,0,0,0,0,1,0,U,1,0,0,1,0,0,0,0,0,0,0,0,0,0,0,0,0,0,0,1,0,0,1,0,0,0,0,0,30000,0,1,1,1,0,0,0,0,0,0,0,0,0,0,0,0,0,1,0,0,0,0,1,0
375,Fourth Chadian Civil War,Chad,Sub-Saharan Africa,December 2005,01/12/2005,2005,"January 15, 2010",15/01/2010,2010,5,50,1507,0,0,2005-09,148,483,,,TCD,1,0,0,0,0,0,0,R,0,0,0,0,0,0,0,0,1,0,0,0,0,1,1,0,0,0,0,0,0,0,0,0,0,0,1,0,3000,0,0,0,0,1,0,0,0,0,0,1,1,1,1973,3.295127,7.587311,394.6,4,0,0,0,0,6,0
149,Belarus Jeans Revolution,Belarus,Europe,"March 19, 2006",19/03/2006,2006,"March 25, 2006",25/03/2006,2006,1,1,7,0,0,2005-09,112,370,,,BLR,1,0,0,0,0,1,0,U,1,0,0,1,0,0,0,0,0,0,0,0,0,0,0,0,0,0,0,1,0,0,1,0,0,0,0,0,45000,0,0,1,1,0,0,0,0,0,0,0,0,1,1,0,0,1,1,0,0,0,0,1,0
147,April Revolution in Nepal,Nepal,Asia,"April 5, 2006",05/04/2006,2006,"April 24, 2006",24/04/2006,2006,1,1,20,0,0,2005-09,524,790,,,NPL,1,0,0,0,0,0,0,U,1,0,1,1,0,0,0,0,0,0,0,0,0,0,0,0,0,0,0,1,1,0,1,0,0,0,0,0,500000,0,1,1,1,1,0,1,1,0,0,0,0,1,12,1.079181,2.484907,12,2,0,1,3,0,8,0
338,2006 Hungarian Protests,Hungary,Europe,"September 17, 2006",17/09/2006,2006,"November 4, 2006",04/11/2006,2006,1,2,49,0,0,2005-09,348,310,,,HUN,1,0,0,0,0,0,0,U,1,0,0,0,0,0,0,0,0,1,1,1,1,0,0,0,0,1,0,1,0,0,0,0,0,0,0,1,50000,0,1,0,1,0,0,1,0,0,0,0,0,1,0,0,0,0,0,0,0,0,0,16,1
298,2007 Guinean General Strike,Guinea,Sub-Saharan Africa,"January 10, 2007",10/01/2007,2007,"March 1, 2007",01/03/2007,2007,1,2,51,0,0,2005-09,324,438,,,GIN,1,0,0,0,0,0,0,U,1,0,0,1,0,0,0,0,0,0,0,0,0,0,0,0,0,1,0,1,1,0,1,0,0,0,0,0,30000,1,1,1,1,0,0,1,0,0,0,0,0,0,67,1.826075,4.204693,67,2,0,0,1,0,7,1
333,2007 Tuareg Rebellion in Niger,Tuareg-inhabited regions of Niger,Sub-Saharan Africa,February 2007,15/02/2007,2007,May 2009,15/05/2009,2009,3,27,821,0,0,2005-09,,4363,436,562,,0,0,1,0,0,0,0,R,0,0,0,0,0,0,0,0,1,0,0,0,0,1,1,0,0,0,0,0,0,0,0,0,0,0,1,0,12000,0,0,0,0,0,0,0,0,0,0,0,1,1,719,2.856729,6.577861,239.7,3,0,0,1,0,7,1
327,Civil war in Ingushetia,Russian-controlled Ingushetia,Europe,July 2007,15/07/2007,2007,Ongoing,,,8,90,2727,1,0,2005-09,,374,365,643,,0,0,1,0,0,0,0,RU,1,0,0,0,1,0,1,1,0,0,0,0,0,1,1,0,1,0,0,1,0,0,0,0,0,0,1,1,50000,0,0,0,0,0,0,0,0,0,0,0,1,1,2423,3.384354,7.792762,403.8,4,1,0,0,0,13,
150,Saffron Revolution,Myanmar,Asia,"August 15, 2007",15/08/2007,2007,"September 29, 2007",29/09/2007,2007,1,2,46,0,0,2005-09,104,775,,,MMR,1,0,0,0,0,0,0,U,1,0,0,1,0,0,0,0,0,0,0,0,0,0,0,0,0,0,0,1,0,0,1,0,0,0,0,0,100000,0,1,1,1,0,0,0,0,0,1,0,0,0,115,2.060698,4.744932,115,3,0,0,0,0,1,1
152,Armenian colored revolution attempt,Armenia,Europe,"February 20, 2008",20/02/2008,2008,"March 2, 2008",02/03/2008,2008,1,1,12,0,0,2005-09,51,371,,,ARM,1,0,0,0,0,1,0,U,1,0,0,1,0,0,0,0,0,1,0,0,0,0,0,0,0,0,0,1,0,0,1,0,0,0,0,0,150000,0,1,1,1,0,0,0,0,0,0,0,0,0,10,1,2.302585,10,1,0,0,0,0,1,0
281,2008 Tibetan Unrest,Chinese-controlled Tibet,Asia,"March 10, 2008",10/03/2008,2008,"March 28, 2008",28/03/2008,2008,1,1,19,0,0,2005-09,,7910,710,156,,0,0,1,1,0,0,0,U,1,0,0,0,1,0,1,0,0,0,0,1,0,0,0,0,0,1,0,1,0,0,0,0,0,0,0,1,30000,0,0,0,1,1,0,0,0,0,1,0,1,1,163,2.212188,5.09375,163,3,0,0,0,0,1,0
151,PAD revolution,Thailand,Asia,"May 25, 2008",25/05/2008,2008,"December 3, 2008",03/12/2008,2008,1,7,193,0,0,2005-09,764,800,,,THA,1,0,0,0,0,0,0,U,1,0,0,0,0,0,0,0,0,1,1,0,1,1,0,1,1,1,0,1,0,0,0,0,0,0,0,1,30000,0,1,1,0,0,0,1,0,0,0,0,0,1,3,0.477121,1.098612,3,1,0,1,2,0,2,1
201,2009 Malagasy Political Crisis,Madagascar,Sub-Saharan Africa,"January 24, 2009",24/01/2009,2009,"November 7, 2009",07/11/2009,2009,1,10,288,0,0,2005-09,450,580,,,MDG,1,0,0,0,0,0,0,U,1,0,0,1,0,0,0,0,0,1,0,0,0,0,0,0,1,1,0,1,0,0,0,1,0,0,0,1,20000,1,1,0,1,0,0,1,0,0,0,1,0,0,135,2.130334,4.905275,135,3,0,1,2,0,3,0
156,Pro-Thaksin Revolution,Thailand,Asia,"March 26, 2009",26/03/2009,2009,"April 14, 2009",14/04/2009,2009,1,1,20,0,0,2005-09,764,800,,,THA,1,0,0,0,0,0,0,U,1,0,0,0,0,0,0,0,0,1,0,0,1,1,0,1,1,1,0,1,0,0,0,0,0,0,0,1,100000,0,0,1,0,1,0,1,1,0,0,0,0,1,6,0.778151,1.791759,6,1,0,0,0,0,1,1
155,Moldovan Twitter Revolution,Moldova,Europe,"April 6, 2009",06/04/2009,2009,"April 12, 2009",12/04/2009,2009,1,1,7,0,0,2005-09,498,359,,,MDA,1,0,0,0,0,1,0,U,1,0,0,1,0,0,0,0,0,0,0,1,1,0,0,0,0,1,0,1,0,0,1,0,0,0,0,0,30000,0,0,1,1,0,0,0,0,0,0,0,0,0,4,0.60206,1.386294,4,1,0,0,0,0,1,0
278,Niger Constitutional Crisis,Niger,Sub-Saharan Africa,May 2009,15/05/2009,2009,"August 18, 2009",18/08/2009,2009,1,4,96,0,0,2005-09,562,436,,,NER,1,0,0,0,0,1,0,U,1,0,0,1,0,0,0,0,0,0,0,0,0,0,0,0,0,0,0,1,1,0,1,0,0,0,0,0,30000,0,1,1,1,0,0,1,0,0,0,0,0,0,1,0,0,1,1,0,0,0,0,1,1
154,Iranian Election Protests,Iran,Middle East/North Africa,"June 12, 2009",12/06/2009,2009,"August 5, 2009",05/08/2009,2009,1,2,55,0,0,2005-09,364,630,,,IRN,1,0,0,0,0,1,0,U,1,0,0,1,0,0,0,0,0,0,0,0,0,0,0,0,0,1,0,1,0,1,1,0,0,0,0,0,500000,0,1,1,1,0,0,0,0,0,0,0,0,0,86,1.934498,4.454347,86,2,0,0,0,0,1,0
404,Boko Haram Rebellion,Nigeria,Sub-Saharan Africa,"July 26, 2009",26/07/2009,2009,Ongoing,,,6,66,1985,1,0,2005-09,566,475,,,NGA,1,0,0,0,0,0,0,R,0,0,0,0,0,0,0,1,0,0,0,0,0,1,1,0,0,0,0,0,0,0,0,0,0,0,1,0,10000,0,0,0,1,0,0,0,0,0,1,0,1,1,15000,4.176091,9.615805,2500,5,1,0,0,0,13,
182,Red Shirts Protests 2010,Thailand,Asia,"March 12, 2010",12/03/2010,2010,"May 19, 2010",19/05/2010,2010,1,3,69,0,0,2010-14,764,800,,,THA,1,0,0,0,0,0,0,U,1,0,0,0,0,0,0,0,0,0,0,0,1,1,0,1,1,1,0,1,0,0,0,0,0,0,0,1,150000,0,0,0,0,1,0,1,0,0,0,0,0,1,91,1.959042,4.51086,91,2,0,0,0,0,1,1
157,Kyrgyz 2010 revolution,Kyrgyzstan,Asia,"April 5, 2010",05/04/2010,2010,"June 16, 2010",16/06/2010,2010,1,3,73,0,0,2010-14,417,703,,,KGZ,1,0,0,0,0,0,0,U,1,0,0,1,0,0,0,0,0,1,0,0,1,1,0,1,1,1,0,1,0,0,0,0,0,0,0,1,25000,0,0,1,1,0,0,0,0,0,0,0,0,1,2100,3.322219,7.649693,2100,4,0,1,3,0,9,0
166,Tunisian Revolution,Tunisia,Middle East/North Africa,"December 18, 2010",18/12/2010,2010,"January 14, 2011",14/01/2011,2011,1,1,28,0,0,2010-14,788,616,,,TUN,1,0,0,0,0,0,0,U,1,0,0,1,0,0,0,0,0,0,0,0,0,0,0,0,0,1,0,1,0,0,1,0,0,0,0,0,300000,1,1,1,1,0,0,1,1,0,0,0,0,0,338,2.528917,5.823046,338,3,0,1,3,0,9,0
167,Egyptian Revolution 2011,Egypt,Middle East/North Africa,"January 25, 2011",25/01/2011,2011,"February 11, 2011",11/02/2011,2011,1,1,18,0,0,2010-14,818,651,,,EGY,1,0,0,0,0,0,1,U,1,0,0,1,0,0,0,0,0,0,0,0,0,0,0,0,0,1,0,1,0,0,1,1,0,0,0,0,2000000,0,1,1,1,0,0,0,0,0,0,0,0,0,846,2.92737,6.740519,846,3,0,1,2,0,3,1
169,Yemeni Uprising 2011,Yemen,Middle East/North Africa,"January 26, 2011",26/01/2011,2011,"February 21, 2012",21/02/2012,2012,2,13,392,0,0,2010-14,887,679,,,YEM,1,0,0,0,0,0,0,UR,1,0,0,1,0,0,0,0,1,1,0,0,0,1,1,0,0,0,0,1,0,0,1,0,0,0,1,0,100000,0,1,1,1,0,0,0,0,0,1,1,1,1,2000,3.30103,7.600902,1000,4,0,1,2,0,7,1
172,Djiboutian Uprising 2011,Djibouti,Sub-Saharan Africa,"January 28, 2011",28/01/2011,2011,"March 11, 2011",11/03/2011,2011,1,2,43,0,0,2010-14,262,522,,,DJI,1,0,0,0,0,1,0,U,1,0,0,1,0,0,0,0,1,0,0,0,0,0,0,0,0,1,0,1,0,0,1,0,0,0,0,0,30000,0,0,0,1,0,0,0,1,0,0,0,1,1,2,0.30103,0.693147,2,1,0,0,0,0,1,0
168,Pearl Revolution,Bahrain,Middle East/North Africa,"February 14, 2011",14/02/2011,2011,"March 9, 2012",09/03/2012,2012,2,13,390,0,0,2010-14,48,692,,,BHR,1,0,0,0,0,0,0,U,1,0,1,1,0,0,0,0,1,0,0,0,0,0,0,0,0,0,0,1,0,0,1,0,0,0,0,0,300000,0,1,1,1,0,0,1,0,0,1,0,0,1,70,1.845098,4.248495,35,2,0,0,0,0,6,0
329,2011 Green Movement Protests in Iran,Iran,Middle East/North Africa,"February 14, 2011",14/02/2011,2011,"April 18, 2011",18/04/2011,2011,1,3,64,0,0,2010-14,364,630,,,IRN,1,0,0,0,0,0,0,U,1,0,0,1,0,0,0,0,0,0,0,0,0,0,0,0,0,0,0,1,0,0,1,0,0,0,0,0,200000,0,1,1,1,0,0,0,0,0,0,0,0,0,20,1.30103,2.995732,20,2,0,0,0,0,1,0
165,Libyan Revolution 2011,Libya,Middle East/North Africa,"February 15, 2011",15/02/2011,2011,"October 23, 2011",23/10/2011,2011,1,9,251,0,0,2010-14,434,620,,,LBY,1,0,0,0,0,0,0,U,1,0,0,1,0,0,0,0,1,0,0,0,1,1,1,0,1,1,0,1,0,0,0,0,0,0,0,1,200000,0,1,1,1,0,0,1,0,0,0,1,0,1,25000,4.39794,10.126631,25000,5,0,1,3,0,5,0
170,Syrian Civil War,Syria,Middle East/North Africa,"March 15, 2011",15/03/2011,2011,Ongoing,,,4,46,1388,1,0,2010-14,760,652,,,SYR,1,0,0,0,0,0,0,UR,1,0,0,1,0,0,0,1,1,0,0,0,0,1,1,0,1,1,0,1,0,0,0,0,0,0,0,1,150000,0,1,1,1,0,0,0,0,0,0,0,1,1,60000,4.778151,11.0021,30000,6,1,0,0,0,13,
303,Second Kachin Rebellion,Myanmar-controlled Kachin,Asia,"June 9, 2011",09/06/2011,2011,Ongoing,,,4,43,1302,1,0,2010-14,,7753,775,104,,0,0,1,0,0,0,1,R,0,0,0,0,1,0,1,0,0,0,0,0,0,1,1,0,0,0,0,0,0,0,0,0,0,0,1,0,8000,0,0,0,0,0,0,0,0,0,0,0,1,1,3000,3.477121,8.006368,1500,4,1,0,0,0,13,
340,Sunni Insurgency in Iraq (ISIL),Iraq,Middle East/North Africa,"December 22, 2011",22/12/2011,2011,Ongoing,,,4,37,1106,1,0,2010-14,368,645,,,IRQ,1,0,0,0,0,0,0,RU,0,0,0,0,0,0,0,1,1,0,0,0,0,1,1,0,0,0,0,0,0,0,0,0,0,0,1,0,20000,0,0,0,0,0,0,0,0,0,0,0,1,1,17558,4.244475,9.773265,8779,5,1,0,0,0,13,
330,2011-2012 Protests in Maldives,Maldives,Asia,"May 1, 2011",23/12/2011,2011,"March 1, 2012",01/03/2012,2012,1,3,70,0,0,2010-14,462,781,,,MDV,1,0,0,0,0,0,1,U,1,0,0,0,0,0,0,0,0,1,0,0,0,1,0,1,1,0,0,1,0,0,0,0,0,0,0,1,20000,0,0,0,0,0,0,0,0,1,1,1,0,1,1,0,0,1,1,0,1,2,0,2,0
299,2012 Tuareg Rebellion,Tuareg-inhabited regions of Mali,Sub-Saharan Africa,"January 16, 2012",16/01/2012,2012,Ongoing,,,3,36,1081,1,0,2010-14,,4321,432,466,,0,0,1,0,0,0,0,R,0,0,0,0,1,0,1,1,0,0,0,0,0,1,1,0,0,0,0,0,0,0,0,0,0,0,1,0,10000,0,0,0,0,1,0,0,0,0,1,0,1,1,365,2.562293,5.899897,365,3,1,0,0,1,13,
405,M23 Rebellion,Democratic Republic of Congo,Sub-Saharan Africa,"April 4, 2012",04/04/2012,2012,"November 7, 2013",07/11/2013,2013,2,20,583,0,0,2010-14,180,490,,,ZAR,1,0,0,0,0,0,0,R,0,0,0,0,0,0,0,0,1,1,0,0,0,1,1,0,0,0,0,0,0,0,0,0,0,0,1,0,6000,0,0,0,1,1,0,0,0,0,0,1,1,1,1811,3.257918,7.501634,905.5,4,0,0,0,0,4,0
393,Central African Conflict,Central African Republic,Sub-Saharan Africa,"September 15, 2012",15/09/2012,2012,"March 24, 2013",24/03/2013,2013,1,7,191,0,0,2010-14,140,482,,,CAF,1,0,0,0,0,0,0,R,0,0,0,0,0,0,0,0,1,1,0,0,0,1,1,0,0,0,0,0,0,0,0,0,0,0,1,0,3000,0,0,0,1,0,0,0,0,0,0,1,1,1,2500,3.39794,7.824046,2500,4,0,1,3,0,9,0
400,Anti-Balaka Revolt,Central African Republic,Sub-Saharan Africa,"April 13, 2013",13/04/2013,2013,Ongoing,,,2,21,628,1,0,2010-14,140,482,,,CAF,1,0,0,0,0,0,0,R,0,0,0,0,0,0,0,0,1,0,0,0,0,1,1,0,0,0,0,0,0,0,0,0,0,0,1,0,1000,0,0,0,1,1,0,0,0,0,0,1,1,1,5000,3.69897,8.517193,2500,4,1,0,0,1,13,
401,Gezi Park Protests,Turkey,Middle East/North Africa,"May 27, 2013",27/05/2013,2013,"June 18, 2013",18/06/2013,2013,1,1,23,0,0,2010-14,792,640,,,TUR,1,0,0,0,0,0,0,U,1,0,0,1,0,0,0,0,0,0,0,0,0,0,0,0,0,0,0,1,0,0,1,0,0,0,0,0,2500000,0,1,1,1,0,0,0,0,0,0,0,0,0,11,1.041393,2.397895,11,2,0,0,0,0,1,0
396,2013 Egyptian Counter-Revolution,Egypt,Middle East/North Africa,"June 28, 2013",28/06/2013,2013,"August 14, 2013",14/08/2013,2013,1,2,48,0,0,2010-14,818,651,,,EGY,1,0,0,0,0,0,0,U,1,0,0,0,0,0,0,0,0,0,0,0,1,0,0,0,0,0,0,1,0,0,0,1,0,0,0,0,1000000,0,1,1,0,0,0,0,0,0,0,1,0,0,1702,3.230959,7.439559,1702,4,0,1,3,0,3,0
397,Euromaidan Uprising,Ukraine,Europe,"November 21, 2013",21/11/2013,2013,"February 26, 2014",26/02/2014,2014,1,4,98,0,0,2010-14,804,369,,,UKR,1,0,0,0,0,0,0,U,1,0,0,1,0,0,0,0,0,0,0,0,0,0,0,0,0,1,0,1,0,0,1,0,0,0,0,0,800000,0,1,1,1,0,0,0,0,0,0,0,1,1,271,2.432969,5.602119,271,3,0,1,3,0,9,0
403,South Sudanese Civil War,South Sudan,Sub-Saharan Africa,"December 15, 2013",15/12/2013,2013,Ongoing,,,2,13,382,1,0,2010-14,728,626,,,SSD,1,0,0,0,0,0,0,R,0,0,0,0,0,0,0,0,1,1,0,0,0,1,1,0,0,0,0,0,0,0,0,0,0,0,1,0,35000,0,0,0,0,0,0,0,0,0,0,1,1,1,30000,4.477121,10.308953,15000,5,1,0,0,0,13,
398,2014 Venezuelan Protests,Venezuela,Latin America/Carribean,"February 4, 2014",04/02/2014,2014,"July 7, 2014",07/07/2014,2014,1,6,154,0,0,2010-14,862,101,,,VEN,1,0,0,0,1,0,0,U,1,0,0,1,0,0,0,0,0,0,0,0,0,0,0,0,0,1,0,1,0,0,1,0,0,0,0,0,100000,0,1,1,1,0,0,0,0,1,0,0,0,0,43,1.633468,3.7612,43,2,0,0,0,0,1,0
402,2014 Bosnian Spring,Bosnia-Hercegovina,Europe,"February 4, 2014",04/02/2014,2014,"April 4, 2014",04/04/2014,2014,1,2,60,0,0,2010-14,70,346,,,BIH,1,0,0,0,0,0,0,U,1,0,0,0,0,0,0,0,0,0,0,0,1,0,0,0,0,1,0,1,0,0,0,0,0,0,0,1,10000,0,0,0,1,0,0,1,0,0,0,0,0,0,0,0,0,0,1,0,0,0,0,16,0
406,Libyan Civil War,Libya,Middle East/North Africa,"May 16, 2014",16/05/2014,2014,Ongoing,,,1,8,230,1,0,2010-14,434,620,,,LBY,1,0,0,0,0,0,0,R,0,0,0,0,0,0,0,1,0,1,0,0,0,1,1,0,0,0,0,0,0,0,0,0,0,0,1,0,7500,0,0,0,1,0,0,0,0,0,1,0,1,1,3445,3.537189,8.144679,3445,4,1,0,1,0,13,
395,September 21 Revolution in Yemen,Yemen,Middle East/North Africa,"August 18, 2014",18/08/2014,2014,"February 6, 2015",06/02/2015,2015,1,6,173,0,0,2010-14,887,679,,,YEM,1,0,0,0,0,0,0,RU,0,0,0,0,0,0,0,1,1,0,0,0,0,1,1,0,0,0,0,1,0,0,0,0,0,0,1,0,10000,0,0,0,0,1,0,0,0,0,1,0,1,1,6750,3.829304,8.817298,6750,4,0,1,3,0,9,0
399,Burkinabè Uprising (2014),Burkina Faso,Sub-Saharan Africa,"October 28, 2014",28/10/2014,2014,"November 3, 2014",03/11/2014,2014,1,1,7,0,0,2010-14,854,439,,,BFA,1,0,0,0,0,0,0,U,1,0,0,1,0,0,0,0,0,0,0,0,0,0,0,0,0,1,0,1,0,0,1,1,0,0,0,0,200000,0,1,1,1,0,0,1,0,0,0,1,0,1,18,1.255273,2.890372,18,2,0,1,3,0,9,0